/*
Navicat MySQL Data Transfer

Source Server         : localhost
Source Server Version : 50536
Source Host           : localhost:3306
Source Database       : oa

Target Server Type    : MYSQL
Target Server Version : 50536
File Encoding         : 65001

Date: 2018-11-01 17:40:17
*/

SET FOREIGN_KEY_CHECKS=0;

-- ----------------------------
-- Table structure for contest18
-- ----------------------------
DROP TABLE IF EXISTS `contest18`;
CREATE TABLE `contest18` (
  `id` int(6) NOT NULL AUTO_INCREMENT,
  `schId` varchar(32) DEFAULT NULL,
  `colId` varchar(32) DEFAULT NULL,
  `state` varchar(32) DEFAULT NULL,
  `cname` varchar(32) DEFAULT NULL,
  `unitname` varchar(32) DEFAULT NULL,
  `contact` varchar(32) DEFAULT NULL,
  `department` varchar(32) DEFAULT NULL,
  `position` varchar(32) DEFAULT NULL,
  `phone` varchar(32) DEFAULT NULL,
  `email` varchar(32) DEFAULT NULL,
  PRIMARY KEY (`id`)
) ENGINE=InnoDB AUTO_INCREMENT=2 DEFAULT CHARSET=utf8;

-- ----------------------------
-- Records of contest18
-- ----------------------------
INSERT INTO `contest18` VALUES ('1', 'CD0E9E052AA0470BA65E014DC4267DE5', '679B09729A784C2999ADB9D57E57E94E', '3', '四川省高职院校大学生工程测量技能大赛', '四川交通职业技术学院', '熊伟', '道路与桥梁工程系', '教研室主任', '13880640000', '8120000@qq.com');

-- ----------------------------
-- Table structure for hlwlxr
-- ----------------------------
DROP TABLE IF EXISTS `hlwlxr`;
CREATE TABLE `hlwlxr` (
  `id` int(6) NOT NULL AUTO_INCREMENT,
  `schId` varchar(32) DEFAULT NULL,
  `colId` varchar(32) DEFAULT NULL,
  `state` varchar(32) DEFAULT NULL,
  `schoolname` varchar(32) DEFAULT NULL,
  `contact` varchar(32) DEFAULT NULL,
  `department` varchar(32) DEFAULT NULL,
  `position` varchar(32) DEFAULT NULL,
  `phone` varchar(32) DEFAULT NULL,
  `email` varchar(32) DEFAULT NULL,
  PRIMARY KEY (`id`)
) ENGINE=InnoDB AUTO_INCREMENT=2 DEFAULT CHARSET=utf8;

-- ----------------------------
-- Records of hlwlxr
-- ----------------------------
INSERT INTO `hlwlxr` VALUES ('1', 'CD0E9E052AA0470BA65E014DC4267DE5', '679B09729A784C2999ADB9D57E57E94E', '3', '四川交通职业技术学院', '张三', '道路桥梁工程系', '教学干事', '13988888888', 'zhangsan@126.com');

-- ----------------------------
-- Table structure for t_adm
-- ----------------------------
DROP TABLE IF EXISTS `t_adm`;
CREATE TABLE `t_adm` (
  `aid` char(32) COLLATE utf8_bin NOT NULL,
  `aaccount` char(20) COLLATE utf8_bin DEFAULT NULL,
  `apswd` char(32) COLLATE utf8_bin DEFAULT NULL,
  `aphone` char(15) COLLATE utf8_bin DEFAULT NULL,
  `aemail` char(20) COLLATE utf8_bin DEFAULT NULL,
  PRIMARY KEY (`aid`)
) ENGINE=InnoDB DEFAULT CHARSET=utf8 COLLATE=utf8_bin;

-- ----------------------------
-- Records of t_adm
-- ----------------------------
INSERT INTO `t_adm` VALUES ('1', 'admin', 'admin', '11', '1');

-- ----------------------------
-- Table structure for t_arg
-- ----------------------------
DROP TABLE IF EXISTS `t_arg`;
CREATE TABLE `t_arg` (
  `aid` int(32) NOT NULL AUTO_INCREMENT,
  `apid` char(32) COLLATE utf8_bin DEFAULT NULL,
  `apname` varchar(30) COLLATE utf8_bin DEFAULT NULL,
  `aname` varchar(20) COLLATE utf8_bin DEFAULT NULL,
  `aalias` char(10) COLLATE utf8_bin DEFAULT NULL,
  PRIMARY KEY (`aid`)
) ENGINE=InnoDB AUTO_INCREMENT=22 DEFAULT CHARSET=utf8 COLLATE=utf8_bin;

-- ----------------------------
-- Records of t_arg
-- ----------------------------
INSERT INTO `t_arg` VALUES ('1', '603AAE773E72434D874593FD21C25ABD', '第四届互联网+大赛联系人信息', '学校名称', 'schoolname');
INSERT INTO `t_arg` VALUES ('2', '603AAE773E72434D874593FD21C25ABD', '第四届互联网+大赛联系人信息', '联系人姓名', 'contact');
INSERT INTO `t_arg` VALUES ('3', '603AAE773E72434D874593FD21C25ABD', '第四届互联网+大赛联系人信息', '部门', 'department');
INSERT INTO `t_arg` VALUES ('4', '603AAE773E72434D874593FD21C25ABD', '第四届互联网+大赛联系人信息', '职务', 'position');
INSERT INTO `t_arg` VALUES ('5', '603AAE773E72434D874593FD21C25ABD', '第四届互联网+大赛联系人信息', '电话', 'phone');
INSERT INTO `t_arg` VALUES ('6', '603AAE773E72434D874593FD21C25ABD', '第四届互联网+大赛联系人信息', '邮箱', 'email');
INSERT INTO `t_arg` VALUES ('15', 'D46141DF349E48A8AF99E178069EF5D7', '2018年省级竞赛申报项目及联系人信息', '赛项名称', 'cname');
INSERT INTO `t_arg` VALUES ('16', 'D46141DF349E48A8AF99E178069EF5D7', '2018年省级竞赛申报项目及联系人信息', '申报单位', 'unitname');
INSERT INTO `t_arg` VALUES ('17', 'D46141DF349E48A8AF99E178069EF5D7', '2018年省级竞赛申报项目及联系人信息', '联系人', 'contact');
INSERT INTO `t_arg` VALUES ('18', 'D46141DF349E48A8AF99E178069EF5D7', '2018年省级竞赛申报项目及联系人信息', '部门', 'department');
INSERT INTO `t_arg` VALUES ('19', 'D46141DF349E48A8AF99E178069EF5D7', '2018年省级竞赛申报项目及联系人信息', '职务', 'position');
INSERT INTO `t_arg` VALUES ('20', 'D46141DF349E48A8AF99E178069EF5D7', '2018年省级竞赛申报项目及联系人信息', '电话', 'phone');
INSERT INTO `t_arg` VALUES ('21', 'D46141DF349E48A8AF99E178069EF5D7', '2018年省级竞赛申报项目及联系人信息', '邮箱', 'email');

-- ----------------------------
-- Table structure for t_col
-- ----------------------------
DROP TABLE IF EXISTS `t_col`;
CREATE TABLE `t_col` (
  `cid` char(32) COLLATE utf8_bin NOT NULL,
  `caccount` char(20) COLLATE utf8_bin DEFAULT NULL,
  `cpswd` char(32) COLLATE utf8_bin DEFAULT NULL,
  `ccid` char(32) COLLATE utf8_bin DEFAULT NULL,
  `crole` int(3) DEFAULT NULL,
  `cname` varchar(20) COLLATE utf8_bin DEFAULT NULL,
  `cdepartment` varchar(20) COLLATE utf8_bin DEFAULT NULL,
  `cuname` varchar(10) COLLATE utf8_bin DEFAULT NULL,
  `cphone` char(15) COLLATE utf8_bin DEFAULT NULL,
  `cemail` char(20) COLLATE utf8_bin DEFAULT NULL,
  PRIMARY KEY (`cid`)
) ENGINE=InnoDB DEFAULT CHARSET=utf8 COLLATE=utf8_bin;

-- ----------------------------
-- Records of t_col
-- ----------------------------
INSERT INTO `t_col` VALUES ('679B09729A784C2999ADB9D57E57E94E', 'zhangsan', '670B14728AD9902AECBA32E22FA4F6BD', 'CD0E9E052AA0470BA65E014DC4267DE5', '3', '四川交通职业技术学院', '道路桥梁工程系', '张三', '13988888888', 'zhangsan@126.com');
INSERT INTO `t_col` VALUES ('C64DB0C9274549628964A958934F1AA3', 'zhengwu', '670B14728AD9902AECBA32E22FA4F6BD', 'CD0E9E052AA0470BA65E014DC4267DE5', '3', '四川交通职业技术学院', '信息工程系', '郑五', '13888888888', 'zhengwu@qq.com');

-- ----------------------------
-- Table structure for t_dispensepro
-- ----------------------------
DROP TABLE IF EXISTS `t_dispensepro`;
CREATE TABLE `t_dispensepro` (
  `did` char(32) COLLATE utf8_bin NOT NULL,
  `fid` char(32) COLLATE utf8_bin DEFAULT NULL,
  `pid` char(32) COLLATE utf8_bin DEFAULT NULL,
  `pname` varchar(30) COLLATE utf8_bin DEFAULT NULL,
  `sid` char(32) COLLATE utf8_bin DEFAULT NULL,
  `sname` varchar(20) COLLATE utf8_bin DEFAULT NULL,
  `cname` varchar(20) COLLATE utf8_bin DEFAULT NULL,
  `sdepartment` varchar(20) COLLATE utf8_bin DEFAULT NULL,
  `dpstate` int(3) DEFAULT NULL,
  `cstate` int(3) DEFAULT NULL,
  `eename` varchar(20) COLLATE utf8_bin DEFAULT NULL,
  `purl` char(20) COLLATE utf8_bin DEFAULT NULL,
  `pdate` datetime DEFAULT NULL,
  `backmsg` text COLLATE utf8_bin,
  PRIMARY KEY (`did`)
) ENGINE=InnoDB DEFAULT CHARSET=utf8 COLLATE=utf8_bin;

-- ----------------------------
-- Records of t_dispensepro
-- ----------------------------
INSERT INTO `t_dispensepro` VALUES ('0072013EADEC428C9CEF0478AC686618', '6700F258E3144DB0AF992442EAD679E9', '603AAE773E72434D874593FD21C25ABD', '第四届互联网+大赛联系人信息', '1FFE11047B0341D79D6DA5C1AE2182D6', '四川托普信息技术职业学院', '四川托普信息技术职业学院', '教务处', '1', '1', '刘晋州', '1539615745830', '2018-10-15 22:46:29', null);
INSERT INTO `t_dispensepro` VALUES ('0276C9B0CE6340578172831F6DCDBCD7', '6700F258E3144DB0AF992442EAD679E9', '603AAE773E72434D874593FD21C25ABD', '第四届互联网+大赛联系人信息', '88EE0663F40E40AFADC64B735B1ADD12', '四川航天职业技术学院', '四川航天职业技术学院', '教务处', '1', '1', '刘晋州', '1539615745830', '2018-10-15 22:46:29', null);
INSERT INTO `t_dispensepro` VALUES ('02A24A3B4475408FB75851E26D090FED', '6700F258E3144DB0AF992442EAD679E9', '603AAE773E72434D874593FD21C25ABD', '第四届互联网+大赛联系人信息', 'C6548D1D77744725A23DD4FFE5BB37DE', '成都信息工程大学', '成都信息工程大学', '教务处', '2', '1', '刘晋州', '1539615745830', '2018-10-15 22:46:29', null);
INSERT INTO `t_dispensepro` VALUES ('033D2D9AD1064286B1FB20451DA22B4F', '6700F258E3144DB0AF992442EAD679E9', 'D46141DF349E48A8AF99E178069EF5D7', '2018年省级竞赛申报项目及联系人信息', '0EC5BCB974A643228EFD3EEC2940E634', '四川工商学院', '四川工商学院', '教务处', '2', '1', '刘晋州', '1539708536603', '2018-10-17 00:34:17', null);
INSERT INTO `t_dispensepro` VALUES ('0340375BCCFC4FC1B50AC43B61ADE78A', '6700F258E3144DB0AF992442EAD679E9', '603AAE773E72434D874593FD21C25ABD', '第四届互联网+大赛联系人信息', 'D8588CF2316F486FA647BD0CA82C12EB', '成都纺织高等专科学校', '成都纺织高等专科学校', '教务处', '2', '1', '刘晋州', '1539615745830', '2018-10-15 22:46:29', null);
INSERT INTO `t_dispensepro` VALUES ('03DB3F1C8E8741C7907B3B279DEF78B1', '6700F258E3144DB0AF992442EAD679E9', '603AAE773E72434D874593FD21C25ABD', '第四届互联网+大赛联系人信息', 'F6D2DA7939C74B5FB1A730FDE02D5FA5', '成都工业职业技术学院', '成都工业职业技术学院', '教务处', '1', '1', '刘晋州', '1539615745830', '2018-10-15 22:46:29', null);
INSERT INTO `t_dispensepro` VALUES ('0845E345EE8B4F4D9678DE3503F0246A', '6700F258E3144DB0AF992442EAD679E9', 'D46141DF349E48A8AF99E178069EF5D7', '2018年省级竞赛申报项目及联系人信息', '16C15F9F466947798F9F1BA40C707A0E', '四川体育职业学院', '四川体育职业学院', '教务处', '2', '1', '刘晋州', '1539708536603', '2018-10-17 00:34:17', null);
INSERT INTO `t_dispensepro` VALUES ('0866B622E34F4E04948D52E943C9F8C8', '6700F258E3144DB0AF992442EAD679E9', '603AAE773E72434D874593FD21C25ABD', '第四届互联网+大赛联系人信息', '0EC5BCB974A643228EFD3EEC2940E634', '四川工商学院', '四川工商学院', '教务处', '1', '1', '刘晋州', '1539615745830', '2018-10-15 22:46:29', null);
INSERT INTO `t_dispensepro` VALUES ('097569BEC5B64FA08C6FB1666429F89E', '6700F258E3144DB0AF992442EAD679E9', '603AAE773E72434D874593FD21C25ABD', '第四届互联网+大赛联系人信息', 'EEF263DE992043A69CD7A4B106070CBA', '西南科技大学城市学院', '西南科技大学城市学院', '教务处', '1', '1', '刘晋州', '1539615745830', '2018-10-15 22:46:29', null);
INSERT INTO `t_dispensepro` VALUES ('0A3E5AFA041F48AF8A14D00E1CAB67D5', '6700F258E3144DB0AF992442EAD679E9', 'D46141DF349E48A8AF99E178069EF5D7', '2018年省级竞赛申报项目及联系人信息', 'B49A4ED12D464EF7ADAE79CAD23D53F0', '雅安职业技术学院', '雅安职业技术学院', '教务处', '2', '1', '刘晋州', '1539708536603', '2018-10-17 00:34:17', null);
INSERT INTO `t_dispensepro` VALUES ('0AE25E94638B4300B0F45DFB0C89B660', '6700F258E3144DB0AF992442EAD679E9', '603AAE773E72434D874593FD21C25ABD', '第四届互联网+大赛联系人信息', '2EAFC1DA207B49DBBA0291DCEC9FFEBB', '四川电影电视学院', '四川电影电视学院', '教务处', '1', '1', '刘晋州', '1539615745830', '2018-10-15 22:46:29', null);
INSERT INTO `t_dispensepro` VALUES ('0CCEEC1F76BC4F8B9986FAC2D0717E80', '6700F258E3144DB0AF992442EAD679E9', '603AAE773E72434D874593FD21C25ABD', '第四届互联网+大赛联系人信息', '25C976F2631F42CBAE41A4C6879B053F', '成都东软学院', '成都东软学院', '教务处', '1', '1', '刘晋州', '1539615745830', '2018-10-15 22:46:29', null);
INSERT INTO `t_dispensepro` VALUES ('0D5A226589D747BFACCE711332CCE0D0', '6700F258E3144DB0AF992442EAD679E9', '603AAE773E72434D874593FD21C25ABD', '第四届互联网+大赛联系人信息', '475FCF205A194C11AC30BD36BD8DDFBF', '四川希望汽车职业学院', '四川希望汽车职业学院', '教务处', '1', '1', '刘晋州', '1539615745830', '2018-10-15 22:46:29', null);
INSERT INTO `t_dispensepro` VALUES ('0DB6A7556FE14A9CB534F8A6958E49BA', '6700F258E3144DB0AF992442EAD679E9', '603AAE773E72434D874593FD21C25ABD', '第四届互联网+大赛联系人信息', 'F3CDEF63DD094DC39A7307032D6C987D', '乐山师范学院', '乐山师范学院', '教务处', '1', '1', '刘晋州', '1539615745830', '2018-10-15 22:46:29', null);
INSERT INTO `t_dispensepro` VALUES ('0EF040AEB777435D9D03E82EB37CE777', '6700F258E3144DB0AF992442EAD679E9', '603AAE773E72434D874593FD21C25ABD', '第四届互联网+大赛联系人信息', 'D2EECB2BF0AF4D98A9F8192FBFD44B9F', '四川外国语大学成都学院', '四川外国语大学成都学院', '教务处', '1', '1', '刘晋州', '1539615745830', '2018-10-15 22:46:29', null);
INSERT INTO `t_dispensepro` VALUES ('0F56435338614AA2B0AAD013B26D1860', '6700F258E3144DB0AF992442EAD679E9', 'D46141DF349E48A8AF99E178069EF5D7', '2018年省级竞赛申报项目及联系人信息', '5C4DEE433F1E4CC5A6B25493824A2E25', '四川管理职业学院', '四川管理职业学院', '教务处', '2', '1', '刘晋州', '1539708536603', '2018-10-17 00:34:17', null);
INSERT INTO `t_dispensepro` VALUES ('1056813D59FC49BA9C7098172C4E9B93', '6700F258E3144DB0AF992442EAD679E9', 'D46141DF349E48A8AF99E178069EF5D7', '2018年省级竞赛申报项目及联系人信息', '6A3CFB61889343789BD1595CE68DCCEB', '成都文理学院', '成都文理学院', '教务处', '2', '1', '刘晋州', '1539708536603', '2018-10-17 00:34:17', null);
INSERT INTO `t_dispensepro` VALUES ('11915E0578444D3A819411A6DA8178A5', '6700F258E3144DB0AF992442EAD679E9', '603AAE773E72434D874593FD21C25ABD', '第四届互联网+大赛联系人信息', 'F2A4AB0FBF6146A4880D8D56AEA6CFA5', '四川西南航空职业学院', '四川西南航空职业学院', '教务处', '1', '1', '刘晋州', '1539615745830', '2018-10-15 22:46:29', null);
INSERT INTO `t_dispensepro` VALUES ('1213E5C3812449A9AD5630F9DA667D9C', '6700F258E3144DB0AF992442EAD679E9', '603AAE773E72434D874593FD21C25ABD', '第四届互联网+大赛联系人信息', '5F92ED72314847CBBE83E60634F76523', '成都师范学院', '成都师范学院', '教务处', '1', '1', '刘晋州', '1539615745830', '2018-10-15 22:46:29', null);
INSERT INTO `t_dispensepro` VALUES ('124448D2B6DF40DD92DF5386C1ADABB1', '6700F258E3144DB0AF992442EAD679E9', '603AAE773E72434D874593FD21C25ABD', '第四届互联网+大赛联系人信息', '2AE0106CC4BB49219597B06533DF62DB', '四川信息职业技术学院', '四川信息职业技术学院', '教务处', '1', '1', '刘晋州', '1539615745830', '2018-10-15 22:46:29', null);
INSERT INTO `t_dispensepro` VALUES ('128D4672C0CC438399D4B92A872BD9FC', '6700F258E3144DB0AF992442EAD679E9', '603AAE773E72434D874593FD21C25ABD', '第四届互联网+大赛联系人信息', 'AFCAA1FA2CFF47098A121DEC435C9F6E', '四川卫生康复职业学院', '四川卫生康复职业学院', '教务处', '1', '1', '刘晋州', '1539615745830', '2018-10-15 22:46:29', null);
INSERT INTO `t_dispensepro` VALUES ('145D780293D34C79A99F6C820009404F', '6700F258E3144DB0AF992442EAD679E9', 'D46141DF349E48A8AF99E178069EF5D7', '2018年省级竞赛申报项目及联系人信息', 'A81374553DD64D90AD454BAB8FBFF132', '成都中医药大学', '成都中医药大学', '教务处', '1', '1', '刘晋州', '1539708536603', '2018-10-17 00:34:17', null);
INSERT INTO `t_dispensepro` VALUES ('162D5D44AD9949BFAE3453FCFCB905BE', '6700F258E3144DB0AF992442EAD679E9', 'D46141DF349E48A8AF99E178069EF5D7', '2018年省级竞赛申报项目及联系人信息', 'F17ACB341149483797C4E130D8B109E6', '四川国际标榜职业学院', '四川国际标榜职业学院', '教务处', '1', '1', '刘晋州', '1539708536603', '2018-10-17 00:34:17', null);
INSERT INTO `t_dispensepro` VALUES ('16E8335C235C412A8B485BEB14622D2B', '6700F258E3144DB0AF992442EAD679E9', '603AAE773E72434D874593FD21C25ABD', '第四届互联网+大赛联系人信息', '5533DB634FE7435DB5AD6AD58B96698A', '四川三河职业学院', '四川三河职业学院', '教务处', '1', '1', '刘晋州', '1539615745830', '2018-10-15 22:46:29', null);
INSERT INTO `t_dispensepro` VALUES ('17EB71488DE04EEBA8053661B818F12A', '6700F258E3144DB0AF992442EAD679E9', '603AAE773E72434D874593FD21C25ABD', '第四届互联网+大赛联系人信息', 'E6ACD21AE60D4E48BC263233449016B7', '西南财经大学', '西南财经大学', '教务处', '1', '1', '刘晋州', '1539615745830', '2018-10-15 22:46:29', null);
INSERT INTO `t_dispensepro` VALUES ('1822C61CFF684DA583A8F7496E0EAB22', '6700F258E3144DB0AF992442EAD679E9', 'D46141DF349E48A8AF99E178069EF5D7', '2018年省级竞赛申报项目及联系人信息', 'A4BF08468B3C4A6DB578AFC9F51A05D3', '四川华新现代职业学院', '四川华新现代职业学院', '教务处', '1', '1', '刘晋州', '1539708536603', '2018-10-17 00:34:17', null);
INSERT INTO `t_dispensepro` VALUES ('1839BF149CD840E9B1CB0453410CC703', '6700F258E3144DB0AF992442EAD679E9', 'D46141DF349E48A8AF99E178069EF5D7', '2018年省级竞赛申报项目及联系人信息', 'AC14A8FB22DB4944BD8B85E4EEFD9F82', '巴中职业技术学院', '巴中职业技术学院', '教务处', '1', '1', '刘晋州', '1539708536603', '2018-10-17 00:34:17', null);
INSERT INTO `t_dispensepro` VALUES ('18A11D3DC85E4E8D95F339B1A5EF659A', '6700F258E3144DB0AF992442EAD679E9', '603AAE773E72434D874593FD21C25ABD', '第四届互联网+大赛联系人信息', '87680A18652F4459AD65F245826B7B5A', '成都工贸职业技术学院', '成都工贸职业技术学院', '教务处', '1', '1', '刘晋州', '1539615745830', '2018-10-15 22:46:29', null);
INSERT INTO `t_dispensepro` VALUES ('18BED6E3CF974807B2E81B9D9B9F4CE7', '6700F258E3144DB0AF992442EAD679E9', 'D46141DF349E48A8AF99E178069EF5D7', '2018年省级竞赛申报项目及联系人信息', '31C0340E139E4613A1B81D9D247B12BC', '四川理工学院', '四川理工学院', '教务处', '1', '1', '刘晋州', '1539708536603', '2018-10-17 00:34:17', null);
INSERT INTO `t_dispensepro` VALUES ('193B4752266B440785D998FCF9509BD8', '6700F258E3144DB0AF992442EAD679E9', 'D46141DF349E48A8AF99E178069EF5D7', '2018年省级竞赛申报项目及联系人信息', '223C9876AD0B41DD9BA7787FAB23F516', '泸州职业技术学院', '泸州职业技术学院', '教务处', '1', '1', '刘晋州', '1539708536603', '2018-10-17 00:34:17', null);
INSERT INTO `t_dispensepro` VALUES ('199246905C5F426DAEC55DA0ED4459A6', '6700F258E3144DB0AF992442EAD679E9', '603AAE773E72434D874593FD21C25ABD', '第四届互联网+大赛联系人信息', '434D03744E7D46EBBEF92147ABD11A88', '四川旅游学院', '四川旅游学院', '教务处', '2', '1', '刘晋州', '1539615745830', '2018-10-15 22:46:29', null);
INSERT INTO `t_dispensepro` VALUES ('19D23247C3AC47BE8362DCAFE854AD6E', '6700F258E3144DB0AF992442EAD679E9', '603AAE773E72434D874593FD21C25ABD', '第四届互联网+大赛联系人信息', 'C7F1CCBAC15F4AFC81D0BF4ABFFE5D56', '乐山职业技术学院', '乐山职业技术学院', '教务处', '1', '1', '刘晋州', '1539615745830', '2018-10-15 22:46:29', null);
INSERT INTO `t_dispensepro` VALUES ('1AB51034A6B646D99EE9CEC8C49AF22A', '6700F258E3144DB0AF992442EAD679E9', 'D46141DF349E48A8AF99E178069EF5D7', '2018年省级竞赛申报项目及联系人信息', 'EDE13092F0934F70AAE208D8E672EB73', '四川艺术职业学院', '四川艺术职业学院', '教务处', '1', '1', '刘晋州', '1539708536603', '2018-10-17 00:34:17', null);
INSERT INTO `t_dispensepro` VALUES ('1B466DC4E3F447A1BCAFCE71991638FA', '6700F258E3144DB0AF992442EAD679E9', 'D46141DF349E48A8AF99E178069EF5D7', '2018年省级竞赛申报项目及联系人信息', '88EE0663F40E40AFADC64B735B1ADD12', '四川航天职业技术学院', '四川航天职业技术学院', '教务处', '1', '1', '刘晋州', '1539708536603', '2018-10-17 00:34:17', null);
INSERT INTO `t_dispensepro` VALUES ('1BD0CDB2627546B393C937E8F361DCCB', '6700F258E3144DB0AF992442EAD679E9', 'D46141DF349E48A8AF99E178069EF5D7', '2018年省级竞赛申报项目及联系人信息', 'AFCAA1FA2CFF47098A121DEC435C9F6E', '四川卫生康复职业学院', '四川卫生康复职业学院', '教务处', '1', '1', '刘晋州', '1539708536603', '2018-10-17 00:34:17', null);
INSERT INTO `t_dispensepro` VALUES ('1C548A92FDB24A40842B261360F61BC3', '6700F258E3144DB0AF992442EAD679E9', 'D46141DF349E48A8AF99E178069EF5D7', '2018年省级竞赛申报项目及联系人信息', 'B17892CBA6754FF3A9B879F2D765447D', '攀枝花学院', '攀枝花学院', '教务处', '1', '1', '刘晋州', '1539708536603', '2018-10-17 00:34:17', null);
INSERT INTO `t_dispensepro` VALUES ('1D9ED95C15484F63A2E2E3FEA3E64882', '6700F258E3144DB0AF992442EAD679E9', 'D46141DF349E48A8AF99E178069EF5D7', '2018年省级竞赛申报项目及联系人信息', '28E92050F47A47CA825BFF3D132A575A', '四川城市职业学院', '四川城市职业学院', '教务处', '1', '1', '刘晋州', '1539708536603', '2018-10-17 00:34:17', null);
INSERT INTO `t_dispensepro` VALUES ('1F638E8D51124DDBB59B1305A80FA215', '6700F258E3144DB0AF992442EAD679E9', 'D46141DF349E48A8AF99E178069EF5D7', '2018年省级竞赛申报项目及联系人信息', 'F391E86999754F3AA2CE63ABD63EAB18', '四川大学锦城学院', '四川大学锦城学院', '教务处', '1', '1', '刘晋州', '1539708536603', '2018-10-17 00:34:17', null);
INSERT INTO `t_dispensepro` VALUES ('20D9B1E1718049D89C1FFF88BA2ECEEE', '6700F258E3144DB0AF992442EAD679E9', '603AAE773E72434D874593FD21C25ABD', '第四届互联网+大赛联系人信息', '40296B1706B4401A9AC05F56CD2DE410', '四川化工职业技术学院', '四川化工职业技术学院', '教务处', '1', '1', '刘晋州', '1539615745830', '2018-10-15 22:46:29', null);
INSERT INTO `t_dispensepro` VALUES ('21A3AFDFCCEF4391B121ED8CB4DBEDC6', '6700F258E3144DB0AF992442EAD679E9', '603AAE773E72434D874593FD21C25ABD', '第四届互联网+大赛联系人信息', '9440E9768EDA4D4B9ACFF1A15A154B29', '四川财经职业学院', '四川财经职业学院', '教务处', '1', '1', '刘晋州', '1539615745830', '2018-10-15 22:46:29', null);
INSERT INTO `t_dispensepro` VALUES ('22D157674CA942E8B4637F0E826331E5', '6700F258E3144DB0AF992442EAD679E9', '603AAE773E72434D874593FD21C25ABD', '第四届互联网+大赛联系人信息', '031ABFDFC2E5492EA81979341F8CDFA2', '成都职业技术学院', '成都职业技术学院', '教务处', '1', '1', '刘晋州', '1539615745830', '2018-10-15 22:46:29', null);
INSERT INTO `t_dispensepro` VALUES ('22F4EE0C217D4C129AE7A94AC1C441B8', '6700F258E3144DB0AF992442EAD679E9', '603AAE773E72434D874593FD21C25ABD', '第四届互联网+大赛联系人信息', '5C4DEE433F1E4CC5A6B25493824A2E25', '四川管理职业学院', '四川管理职业学院', '教务处', '1', '1', '刘晋州', '1539615745830', '2018-10-15 22:46:29', null);
INSERT INTO `t_dispensepro` VALUES ('2410F437AF944EF09EE2264DD522CA27', '6700F258E3144DB0AF992442EAD679E9', '603AAE773E72434D874593FD21C25ABD', '第四届互联网+大赛联系人信息', '21E56729DE104CE89AC57475009D2817', '电子科技大学成都学院', '电子科技大学成都学院', '教务处', '1', '1', '刘晋州', '1539615745830', '2018-10-15 22:46:29', null);
INSERT INTO `t_dispensepro` VALUES ('24C6583C6BAE4E9FB3EF4A444E99F8D2', '6700F258E3144DB0AF992442EAD679E9', '603AAE773E72434D874593FD21C25ABD', '第四届互联网+大赛联系人信息', '155C775B8462421A9B81F10A5E173E96', '四川文化艺术学院', '四川文化艺术学院', '教务处', '1', '1', '刘晋州', '1539615745830', '2018-10-15 22:46:29', null);
INSERT INTO `t_dispensepro` VALUES ('24DA1DC62940472BA169C5D6165165F8', '6700F258E3144DB0AF992442EAD679E9', 'D46141DF349E48A8AF99E178069EF5D7', '2018年省级竞赛申报项目及联系人信息', 'F4EB4A69DC6B4F9E8B84D4AD1AA6AC79', '四川职业技术学院', '四川职业技术学院', '教务处', '1', '1', '刘晋州', '1539708536603', '2018-10-17 00:34:17', null);
INSERT INTO `t_dispensepro` VALUES ('25201A32115147128BBE8760CE8696E2', '6700F258E3144DB0AF992442EAD679E9', 'D46141DF349E48A8AF99E178069EF5D7', '2018年省级竞赛申报项目及联系人信息', '25C976F2631F42CBAE41A4C6879B053F', '成都东软学院', '成都东软学院', '教务处', '1', '1', '刘晋州', '1539708536603', '2018-10-17 00:34:17', null);
INSERT INTO `t_dispensepro` VALUES ('260540DD4CF6421D9EB25B169BE994F9', '6700F258E3144DB0AF992442EAD679E9', 'D46141DF349E48A8AF99E178069EF5D7', '2018年省级竞赛申报项目及联系人信息', '50799C13993647C6B8A47E2E95382255', '四川汽车职业技术学院', '四川汽车职业技术学院', '教务处', '1', '1', '刘晋州', '1539708536603', '2018-10-17 00:34:17', null);
INSERT INTO `t_dispensepro` VALUES ('26116B2D3E5D454FAFF26C52C1D14730', '6700F258E3144DB0AF992442EAD679E9', 'D46141DF349E48A8AF99E178069EF5D7', '2018年省级竞赛申报项目及联系人信息', 'D33087DF71A84E41A47A8C7CB5F5F9F8', '四川长江职业学院', '四川长江职业学院', '教务处', '1', '1', '刘晋州', '1539708536603', '2018-10-17 00:34:17', null);
INSERT INTO `t_dispensepro` VALUES ('284785D2E7E14903836D61EB18F33C31', '6700F258E3144DB0AF992442EAD679E9', 'D46141DF349E48A8AF99E178069EF5D7', '2018年省级竞赛申报项目及联系人信息', 'AD4D3CF8F46B4EB98888D15DB5DD6FA9', '西华大学', '西华大学', '教务处', '1', '1', '刘晋州', '1539708536603', '2018-10-17 00:34:17', null);
INSERT INTO `t_dispensepro` VALUES ('289B9DB8FFA845BE8FD990929B3D1BB3', '6700F258E3144DB0AF992442EAD679E9', '603AAE773E72434D874593FD21C25ABD', '第四届互联网+大赛联系人信息', '6134B211491F4509B5E0641C739F1266', '四川现代职业学院', '四川现代职业学院', '教务处', '1', '1', '刘晋州', '1539615745830', '2018-10-15 22:46:29', null);
INSERT INTO `t_dispensepro` VALUES ('2AC1B12B0E184F73B16F5B528EDC6D0C', '6700F258E3144DB0AF992442EAD679E9', '603AAE773E72434D874593FD21C25ABD', '第四届互联网+大赛联系人信息', '191BE9429E6F472AA4385913C361BCBE', '四川文理学院', '四川文理学院', '教务处', '1', '1', '刘晋州', '1539615745830', '2018-10-15 22:46:29', null);
INSERT INTO `t_dispensepro` VALUES ('2CE5A3ADAC4849A8A7CABD3C36CA6034', '6700F258E3144DB0AF992442EAD679E9', '603AAE773E72434D874593FD21C25ABD', '第四届互联网+大赛联系人信息', '0C524D1A572E4E99B76EA914FDA83989', '成都农业科技职业学院', '成都农业科技职业学院', '教务处', '1', '1', '刘晋州', '1539615745830', '2018-10-15 22:46:29', null);
INSERT INTO `t_dispensepro` VALUES ('2D2310D98DC84AD78FF78C4D70363967', '6700F258E3144DB0AF992442EAD679E9', '603AAE773E72434D874593FD21C25ABD', '第四届互联网+大赛联系人信息', '2E76DDCC1DF14FE793FA123FE6C03333', '成都医学院', '成都医学院', '教务处', '2', '1', '刘晋州', '1539615745830', '2018-10-15 22:46:29', null);
INSERT INTO `t_dispensepro` VALUES ('2DB6E623724B4C4494B2938194329C8F', '6700F258E3144DB0AF992442EAD679E9', 'D46141DF349E48A8AF99E178069EF5D7', '2018年省级竞赛申报项目及联系人信息', '3E088AAB0BBA43E6974CC9428BB1DF8F', '四川电子机械职业技术学院', '四川电子机械职业技术学院', '教务处', '1', '1', '刘晋州', '1539708536603', '2018-10-17 00:34:17', null);
INSERT INTO `t_dispensepro` VALUES ('2DF2715EDCC142DFABC7510203B652F9', '6700F258E3144DB0AF992442EAD679E9', 'D46141DF349E48A8AF99E178069EF5D7', '2018年省级竞赛申报项目及联系人信息', 'CDAAEBF5C17F43C39B63F2EB9AF19598', '成都学院', '成都学院', '教务处', '1', '1', '刘晋州', '1539708536603', '2018-10-17 00:34:17', null);
INSERT INTO `t_dispensepro` VALUES ('2F569B0F11204BA985270E334AC8B105', '6700F258E3144DB0AF992442EAD679E9', '603AAE773E72434D874593FD21C25ABD', '第四届互联网+大赛联系人信息', '223C9876AD0B41DD9BA7787FAB23F516', '泸州职业技术学院', '泸州职业技术学院', '教务处', '1', '1', '刘晋州', '1539615745830', '2018-10-15 22:46:29', null);
INSERT INTO `t_dispensepro` VALUES ('3044E120D58F42D3A1B85AE9FD73C278', '6700F258E3144DB0AF992442EAD679E9', 'D46141DF349E48A8AF99E178069EF5D7', '2018年省级竞赛申报项目及联系人信息', 'D2EECB2BF0AF4D98A9F8192FBFD44B9F', '四川外国语大学成都学院', '四川外国语大学成都学院', '教务处', '1', '1', '刘晋州', '1539708536603', '2018-10-17 00:34:17', null);
INSERT INTO `t_dispensepro` VALUES ('30E6FACC48984CFDB87CF7E5D2F5477D', '6700F258E3144DB0AF992442EAD679E9', 'D46141DF349E48A8AF99E178069EF5D7', '2018年省级竞赛申报项目及联系人信息', 'C58FA006F5C34A86A94B9489FBA45AE7', '四川工商职业技术学院', '四川工商职业技术学院', '教务处', '1', '1', '刘晋州', '1539708536603', '2018-10-17 00:34:17', null);
INSERT INTO `t_dispensepro` VALUES ('324F5028321A4E6191ABC8864C956CE9', '6700F258E3144DB0AF992442EAD679E9', 'D46141DF349E48A8AF99E178069EF5D7', '2018年省级竞赛申报项目及联系人信息', '031ABFDFC2E5492EA81979341F8CDFA2', '成都职业技术学院', '成都职业技术学院', '教务处', '1', '1', '刘晋州', '1539708536603', '2018-10-17 00:34:17', null);
INSERT INTO `t_dispensepro` VALUES ('32FBDD72084D4BFAB9D71EC9217E9136', '6700F258E3144DB0AF992442EAD679E9', '603AAE773E72434D874593FD21C25ABD', '第四届互联网+大赛联系人信息', 'F391E86999754F3AA2CE63ABD63EAB18', '四川大学锦城学院', '四川大学锦城学院', '教务处', '1', '1', '刘晋州', '1539615745830', '2018-10-15 22:46:29', null);
INSERT INTO `t_dispensepro` VALUES ('367E31F8A98D41C5A3D568C8AE55F1EB', '6700F258E3144DB0AF992442EAD679E9', '603AAE773E72434D874593FD21C25ABD', '第四届互联网+大赛联系人信息', 'B532F80A31554384BBF799CCCBB272E3', '四川警察学院', '四川警察学院', '教务处', '1', '1', '刘晋州', '1539615745830', '2018-10-15 22:46:29', null);
INSERT INTO `t_dispensepro` VALUES ('36BF517B63C24E41957633E26B057D71', '6700F258E3144DB0AF992442EAD679E9', 'D46141DF349E48A8AF99E178069EF5D7', '2018年省级竞赛申报项目及联系人信息', '2AE0106CC4BB49219597B06533DF62DB', '四川信息职业技术学院', '四川信息职业技术学院', '教务处', '1', '1', '刘晋州', '1539708536603', '2018-10-17 00:34:17', null);
INSERT INTO `t_dispensepro` VALUES ('3751ED212EE944C488519E19463F89D6', '6700F258E3144DB0AF992442EAD679E9', '603AAE773E72434D874593FD21C25ABD', '第四届互联网+大赛联系人信息', '50799C13993647C6B8A47E2E95382255', '四川汽车职业技术学院', '四川汽车职业技术学院', '教务处', '1', '1', '刘晋州', '1539615745830', '2018-10-15 22:46:29', null);
INSERT INTO `t_dispensepro` VALUES ('37C0DCE4F1A746D48777302022A191A8', '6700F258E3144DB0AF992442EAD679E9', '603AAE773E72434D874593FD21C25ABD', '第四届互联网+大赛联系人信息', '9BD81AB8882946158AE061429B9AF891', '四川幼儿师范高等专科学校', '四川幼儿师范高等专科学校', '教务处', '1', '1', '刘晋州', '1539615745830', '2018-10-15 22:46:29', null);
INSERT INTO `t_dispensepro` VALUES ('37D04600898447A3902DE55B8C2ADC86', '6700F258E3144DB0AF992442EAD679E9', '603AAE773E72434D874593FD21C25ABD', '第四届互联网+大赛联系人信息', '78E2E892541F4538BE100CF3EB9F947D', '西南科技大学', '西南科技大学', '教务处', '1', '1', '刘晋州', '1539615745830', '2018-10-15 22:46:29', null);
INSERT INTO `t_dispensepro` VALUES ('3920FEF3C1924DAF8F105478199071AC', '6700F258E3144DB0AF992442EAD679E9', '603AAE773E72434D874593FD21C25ABD', '第四届互联网+大赛联系人信息', 'B49A4ED12D464EF7ADAE79CAD23D53F0', '雅安职业技术学院', '雅安职业技术学院', '教务处', '1', '1', '刘晋州', '1539615745830', '2018-10-15 22:46:29', null);
INSERT INTO `t_dispensepro` VALUES ('3968D9ADBDA048A8837DCD098EC41354', '6700F258E3144DB0AF992442EAD679E9', 'D46141DF349E48A8AF99E178069EF5D7', '2018年省级竞赛申报项目及联系人信息', '8116D6413B194C70ABE6C15FB889E40A', '阿坝师范学院', '阿坝师范学院', '教务处', '1', '1', '刘晋州', '1539708536603', '2018-10-17 00:34:17', null);
INSERT INTO `t_dispensepro` VALUES ('39C79D97B4004540B2E01115CF5F885D', '6700F258E3144DB0AF992442EAD679E9', '603AAE773E72434D874593FD21C25ABD', '第四届互联网+大赛联系人信息', '3B35A5E09CF34587964BC9845D8AF430', '江阳城建职业学院', '江阳城建职业学院', '教务处', '1', '1', '刘晋州', '1539615745830', '2018-10-15 22:46:29', null);
INSERT INTO `t_dispensepro` VALUES ('3BA8C15A208A49988E54432225056C27', '6700F258E3144DB0AF992442EAD679E9', '603AAE773E72434D874593FD21C25ABD', '第四届互联网+大赛联系人信息', 'D35657A6ABDF4F749B9532E953A81031', '成都工业学院', '成都工业学院', '教务处', '1', '1', '刘晋州', '1539615745830', '2018-10-15 22:46:29', null);
INSERT INTO `t_dispensepro` VALUES ('3BAA0CEEF967440BA462DA9A644674C8', '6700F258E3144DB0AF992442EAD679E9', '603AAE773E72434D874593FD21C25ABD', '第四届互联网+大赛联系人信息', '4F322CBBCE3E454A8160FC9FD7A11CD3', '达州职业技术学院', '达州职业技术学院', '教务处', '1', '1', '刘晋州', '1539615745830', '2018-10-15 22:46:29', null);
INSERT INTO `t_dispensepro` VALUES ('3CD48AB111DD4D3C855540A923F2FCF7', '6700F258E3144DB0AF992442EAD679E9', 'D46141DF349E48A8AF99E178069EF5D7', '2018年省级竞赛申报项目及联系人信息', '434D03744E7D46EBBEF92147ABD11A88', '四川旅游学院', '四川旅游学院', '教务处', '1', '1', '刘晋州', '1539708536603', '2018-10-17 00:34:17', null);
INSERT INTO `t_dispensepro` VALUES ('3CE5B480B8DD417987711CBBC9498481', '6700F258E3144DB0AF992442EAD679E9', 'D46141DF349E48A8AF99E178069EF5D7', '2018年省级竞赛申报项目及联系人信息', 'CD0E9E052AA0470BA65E014DC4267DE5', '四川交通职业技术学院', '四川交通职业技术学院', '教务处', '2', '4', '刘晋州', '1539708536603', '2018-10-17 00:34:17', 0xE8AFB7E68C89E69687E4BBB6E8A681E6B182E8BF9BE8A18CE68AA5E98081);
INSERT INTO `t_dispensepro` VALUES ('3D8A788B1A3549D694DFB814705D767B', '6700F258E3144DB0AF992442EAD679E9', 'D46141DF349E48A8AF99E178069EF5D7', '2018年省级竞赛申报项目及联系人信息', 'F6D2DA7939C74B5FB1A730FDE02D5FA5', '成都工业职业技术学院', '成都工业职业技术学院', '教务处', '1', '1', '刘晋州', '1539708536603', '2018-10-17 00:34:17', null);
INSERT INTO `t_dispensepro` VALUES ('3E738244E10145F2AB025040999FBC8E', '6700F258E3144DB0AF992442EAD679E9', 'D46141DF349E48A8AF99E178069EF5D7', '2018年省级竞赛申报项目及联系人信息', '8CA4E5A6ACAB4626AE543378F6FDC2D2', '天府新区航空旅游职业学院', '天府新区航空旅游职业学院', '教务处', '1', '1', '刘晋州', '1539708536603', '2018-10-17 00:34:17', null);
INSERT INTO `t_dispensepro` VALUES ('3EAFB1F2AF044CCDB11DA326E4D0DDF9', '6700F258E3144DB0AF992442EAD679E9', '603AAE773E72434D874593FD21C25ABD', '第四届互联网+大赛联系人信息', 'A727A7CFF70B444EA96C55927C44CE00', '四川邮电职业技术学院', '四川邮电职业技术学院', '教务处', '1', '1', '刘晋州', '1539615745830', '2018-10-15 22:46:29', null);
INSERT INTO `t_dispensepro` VALUES ('3F2311EE475F400D8215837AEE8F8B3A', '6700F258E3144DB0AF992442EAD679E9', '603AAE773E72434D874593FD21C25ABD', '第四届互联网+大赛联系人信息', '9F2062228126455DA627E8973B9E9BB9', '四川工程职业技术学院', '四川工程职业技术学院', '教务处', '1', '1', '刘晋州', '1539615745830', '2018-10-15 22:46:29', null);
INSERT INTO `t_dispensepro` VALUES ('3F5A367B91404DA58D6A32DAE5593DA8', '6700F258E3144DB0AF992442EAD679E9', '603AAE773E72434D874593FD21C25ABD', '第四届互联网+大赛联系人信息', '29096672BDB740FAA1AE7BBA57A12A94', '四川文化传媒职业学院', '四川文化传媒职业学院', '教务处', '1', '1', '刘晋州', '1539615745830', '2018-10-15 22:46:29', null);
INSERT INTO `t_dispensepro` VALUES ('3F7F5B096CC54A3494A8111432971783', '6700F258E3144DB0AF992442EAD679E9', '603AAE773E72434D874593FD21C25ABD', '第四届互联网+大赛联系人信息', '3E088AAB0BBA43E6974CC9428BB1DF8F', '四川电子机械职业技术学院', '四川电子机械职业技术学院', '教务处', '1', '1', '刘晋州', '1539615745830', '2018-10-15 22:46:29', null);
INSERT INTO `t_dispensepro` VALUES ('4050DBF7DF384242AD48D3B6D1319030', '6700F258E3144DB0AF992442EAD679E9', 'D46141DF349E48A8AF99E178069EF5D7', '2018年省级竞赛申报项目及联系人信息', 'F8B88B56AB78422584E88152A7438F95', '西南医科大学', '西南医科大学', '教务处', '1', '1', '刘晋州', '1539708536603', '2018-10-17 00:34:17', null);
INSERT INTO `t_dispensepro` VALUES ('40F81D00D45A42308E31D4C4034140A8', '6700F258E3144DB0AF992442EAD679E9', 'D46141DF349E48A8AF99E178069EF5D7', '2018年省级竞赛申报项目及联系人信息', 'FDCB793AAD6E4E50B7008D3384F6A0AF', '绵阳师范学院', '绵阳师范学院', '教务处', '1', '1', '刘晋州', '1539708536603', '2018-10-17 00:34:17', null);
INSERT INTO `t_dispensepro` VALUES ('41EE4DB17C3A4C83A0A850D976F1AFE2', '6700F258E3144DB0AF992442EAD679E9', 'D46141DF349E48A8AF99E178069EF5D7', '2018年省级竞赛申报项目及联系人信息', '7D0B90EE5150423F811FEBF47EA30D00', '四川中医药高等专科学校', '四川中医药高等专科学校', '教务处', '1', '1', '刘晋州', '1539708536603', '2018-10-17 00:34:17', null);
INSERT INTO `t_dispensepro` VALUES ('4266027ED80E49D6A69E647925492B1D', '6700F258E3144DB0AF992442EAD679E9', 'D46141DF349E48A8AF99E178069EF5D7', '2018年省级竞赛申报项目及联系人信息', '1F8AA64018E844779E64E4D164240760', '西昌民族幼儿师范高等专科学校', '西昌民族幼儿师范高等专科学校', '教务处', '1', '1', '刘晋州', '1539708536603', '2018-10-17 00:34:17', null);
INSERT INTO `t_dispensepro` VALUES ('42A643C5FC3243F6A4A93DA5462E6C1E', '6700F258E3144DB0AF992442EAD679E9', 'D46141DF349E48A8AF99E178069EF5D7', '2018年省级竞赛申报项目及联系人信息', '18E7D472F46741539DF269A44E3ADE5D', '天府新区通用航空职业学院', '天府新区通用航空职业学院', '教务处', '1', '1', '刘晋州', '1539708536603', '2018-10-17 00:34:17', null);
INSERT INTO `t_dispensepro` VALUES ('45EF9AB0A95E494CB3BFC96863D438BE', '6700F258E3144DB0AF992442EAD679E9', '603AAE773E72434D874593FD21C25ABD', '第四届互联网+大赛联系人信息', 'F7E5502020CD45489FA6AE209AD1C375', '四川应用技术职业学院', '四川应用技术职业学院', '教务处', '1', '1', '刘晋州', '1539615745830', '2018-10-15 22:46:29', null);
INSERT INTO `t_dispensepro` VALUES ('4769F52F90864CEA82ACE6BE0977C554', '6700F258E3144DB0AF992442EAD679E9', '603AAE773E72434D874593FD21C25ABD', '第四届互联网+大赛联系人信息', '31C0340E139E4613A1B81D9D247B12BC', '四川理工学院', '四川理工学院', '教务处', '1', '1', '刘晋州', '1539615745830', '2018-10-15 22:46:29', null);
INSERT INTO `t_dispensepro` VALUES ('47A3949A2C9E4184AAFC5BB350081787', '6700F258E3144DB0AF992442EAD679E9', '603AAE773E72434D874593FD21C25ABD', '第四届互联网+大赛联系人信息', 'D33087DF71A84E41A47A8C7CB5F5F9F8', '四川长江职业学院', '四川长江职业学院', '教务处', '1', '1', '刘晋州', '1539615745830', '2018-10-15 22:46:29', null);
INSERT INTO `t_dispensepro` VALUES ('48CD85FA006749F9A8947CBA88DA7BF7', '6700F258E3144DB0AF992442EAD679E9', 'D46141DF349E48A8AF99E178069EF5D7', '2018年省级竞赛申报项目及联系人信息', '07697778507B4ED7B22867073512BEA5', '西南交通大学希望学院', '西南交通大学希望学院', '教务处', '1', '1', '刘晋州', '1539708536603', '2018-10-17 00:34:17', null);
INSERT INTO `t_dispensepro` VALUES ('4A8B2B8C2B6A4F69B1EDC9A24552540A', '6700F258E3144DB0AF992442EAD679E9', 'D46141DF349E48A8AF99E178069EF5D7', '2018年省级竞赛申报项目及联系人信息', '91227BB52CF3403BA863A5B9F99A14E7', '成都理工大学工程技术学院', '成都理工大学工程技术学院', '教务处', '1', '1', '刘晋州', '1539708536603', '2018-10-17 00:34:17', null);
INSERT INTO `t_dispensepro` VALUES ('4B2DC886F0B44B9F879619B1B7DF64F8', '6700F258E3144DB0AF992442EAD679E9', '603AAE773E72434D874593FD21C25ABD', '第四届互联网+大赛联系人信息', 'FD328926E4A84F8085A7F852DFE78775', '四川科技职业学院', '四川科技职业学院', '教务处', '1', '1', '刘晋州', '1539615745830', '2018-10-15 22:46:29', null);
INSERT INTO `t_dispensepro` VALUES ('4B6B7F6F89E84282BEF7831CFB840042', '6700F258E3144DB0AF992442EAD679E9', '603AAE773E72434D874593FD21C25ABD', '第四届互联网+大赛联系人信息', 'EDE13092F0934F70AAE208D8E672EB73', '四川艺术职业学院', '四川艺术职业学院', '教务处', '1', '1', '刘晋州', '1539615745830', '2018-10-15 22:46:29', null);
INSERT INTO `t_dispensepro` VALUES ('4C7BF78F7B7F4BB1A54155366F246A9C', '6700F258E3144DB0AF992442EAD679E9', 'D46141DF349E48A8AF99E178069EF5D7', '2018年省级竞赛申报项目及联系人信息', '48E1EC2E4A254FAF9F2CA9F26634C8DE', '成都体育学院', '成都体育学院', '教务处', '1', '1', '刘晋州', '1539708536603', '2018-10-17 00:34:17', null);
INSERT INTO `t_dispensepro` VALUES ('4C7DAB36EC5949FEA7CC6C149A6F6EFB', '6700F258E3144DB0AF992442EAD679E9', '603AAE773E72434D874593FD21C25ABD', '第四届互联网+大赛联系人信息', '8116D6413B194C70ABE6C15FB889E40A', '阿坝师范学院', '阿坝师范学院', '教务处', '1', '1', '刘晋州', '1539615745830', '2018-10-15 22:46:29', null);
INSERT INTO `t_dispensepro` VALUES ('4D2F4BA1913B4BEA9FC111E7E66E1E0E', '6700F258E3144DB0AF992442EAD679E9', 'D46141DF349E48A8AF99E178069EF5D7', '2018年省级竞赛申报项目及联系人信息', '9945E7D041EC4FAC94604B6CB47E6152', '四川师范大学', '四川师范大学', '教务处', '1', '1', '刘晋州', '1539708536603', '2018-10-17 00:34:17', null);
INSERT INTO `t_dispensepro` VALUES ('4D33DC2082BA41B3B984C04B2EA240CB', '6700F258E3144DB0AF992442EAD679E9', 'D46141DF349E48A8AF99E178069EF5D7', '2018年省级竞赛申报项目及联系人信息', 'DF8C30487A69425C92CD94EC468ED755', '四川商务职业学院', '四川商务职业学院', '教务处', '1', '1', '刘晋州', '1539708536603', '2018-10-17 00:34:17', null);
INSERT INTO `t_dispensepro` VALUES ('4DFEA864BD6D409DA014229900C50DF6', '6700F258E3144DB0AF992442EAD679E9', '603AAE773E72434D874593FD21C25ABD', '第四届互联网+大赛联系人信息', 'F17ACB341149483797C4E130D8B109E6', '四川国际标榜职业学院', '四川国际标榜职业学院', '教务处', '1', '1', '刘晋州', '1539615745830', '2018-10-15 22:46:29', null);
INSERT INTO `t_dispensepro` VALUES ('4E1518902CA040A5960FEA9E655927D1', '6700F258E3144DB0AF992442EAD679E9', '603AAE773E72434D874593FD21C25ABD', '第四届互联网+大赛联系人信息', '9E97AFD881964AEA8EFB7D17AD00A627', '四川水利职业技术学院', '四川水利职业技术学院', '教务处', '1', '1', '刘晋州', '1539615745830', '2018-10-15 22:46:29', null);
INSERT INTO `t_dispensepro` VALUES ('4F0608B63BE34407BA530DC22EC90554', '6700F258E3144DB0AF992442EAD679E9', '603AAE773E72434D874593FD21C25ABD', '第四届互联网+大赛联系人信息', '9CF8B790CE25484A9470DE677D96A0B9', '宜宾学院', '宜宾学院', '教务处', '1', '1', '刘晋州', '1539615745830', '2018-10-15 22:46:29', null);
INSERT INTO `t_dispensepro` VALUES ('4FB7F6EDE32A4EEFA7E95A57802A2777', '6700F258E3144DB0AF992442EAD679E9', '603AAE773E72434D874593FD21C25ABD', '第四届互联网+大赛联系人信息', 'BCAE64F4D9494857A416D4305BE81CAB', '成都艺术职业学院', '成都艺术职业学院', '教务处', '1', '1', '刘晋州', '1539615745830', '2018-10-15 22:46:29', null);
INSERT INTO `t_dispensepro` VALUES ('4FF7347D66F74DE981A6DABFEA860B43', '6700F258E3144DB0AF992442EAD679E9', 'D46141DF349E48A8AF99E178069EF5D7', '2018年省级竞赛申报项目及联系人信息', '910FF0FEDAD6456D90331050825502E2', '川北幼儿师范高等专科学校', '川北幼儿师范高等专科学校', '教务处', '1', '1', '刘晋州', '1539708536603', '2018-10-17 00:34:17', null);
INSERT INTO `t_dispensepro` VALUES ('55F9179B49514FEB927F388AEB69D3F9', '6700F258E3144DB0AF992442EAD679E9', 'D46141DF349E48A8AF99E178069EF5D7', '2018年省级竞赛申报项目及联系人信息', '191BE9429E6F472AA4385913C361BCBE', '四川文理学院', '四川文理学院', '教务处', '1', '1', '刘晋州', '1539708536603', '2018-10-17 00:34:17', null);
INSERT INTO `t_dispensepro` VALUES ('593099E17674484A8A55DC80E268C39C', '6700F258E3144DB0AF992442EAD679E9', 'D46141DF349E48A8AF99E178069EF5D7', '2018年省级竞赛申报项目及联系人信息', '19BC6BE4F44F4FC18C06DB211AA754CB', '西南交通大学', '西南交通大学', '教务处', '1', '1', '刘晋州', '1539708536603', '2018-10-17 00:34:17', null);
INSERT INTO `t_dispensepro` VALUES ('5A3355D919BF421EA3506E8467884799', '6700F258E3144DB0AF992442EAD679E9', '603AAE773E72434D874593FD21C25ABD', '第四届互联网+大赛联系人信息', '09D535B05FBA4070A891575D4EC68827', '民办四川天一学院', '民办四川天一学院', '教务处', '1', '1', '刘晋州', '1539615745830', '2018-10-15 22:46:29', null);
INSERT INTO `t_dispensepro` VALUES ('5A82AC9810E84CBC8AC79E5F0E0B71EE', '6700F258E3144DB0AF992442EAD679E9', '603AAE773E72434D874593FD21C25ABD', '第四届互联网+大赛联系人信息', '3DB37B147FB74C2B93B3448815D2E564', '四川机电职业技术学院', '四川机电职业技术学院', '教务处', '1', '1', '刘晋州', '1539615745830', '2018-10-15 22:46:29', null);
INSERT INTO `t_dispensepro` VALUES ('5AD8EF83B63242F2809E80AC8BB54EA1', '6700F258E3144DB0AF992442EAD679E9', 'D46141DF349E48A8AF99E178069EF5D7', '2018年省级竞赛申报项目及联系人信息', 'FD328926E4A84F8085A7F852DFE78775', '四川科技职业学院', '四川科技职业学院', '教务处', '1', '1', '刘晋州', '1539708536603', '2018-10-17 00:34:17', null);
INSERT INTO `t_dispensepro` VALUES ('5AFC8FF8877D40438C4071F5DA3A975A', '6700F258E3144DB0AF992442EAD679E9', '603AAE773E72434D874593FD21C25ABD', '第四届互联网+大赛联系人信息', 'AC14A8FB22DB4944BD8B85E4EEFD9F82', '巴中职业技术学院', '巴中职业技术学院', '教务处', '1', '1', '刘晋州', '1539615745830', '2018-10-15 22:46:29', null);
INSERT INTO `t_dispensepro` VALUES ('5BC4D9C8FA1443C988ABE8F1DA0C4B71', '6700F258E3144DB0AF992442EAD679E9', '603AAE773E72434D874593FD21C25ABD', '第四届互联网+大赛联系人信息', 'E3DB8DE389DA47EEB6D0ABCD49BF2065', '西昌学院', '西昌学院', '教务处', '1', '1', '刘晋州', '1539615745830', '2018-10-15 22:46:29', null);
INSERT INTO `t_dispensepro` VALUES ('5DFAE9F6CA304F91A09592FC36678058', '6700F258E3144DB0AF992442EAD679E9', 'D46141DF349E48A8AF99E178069EF5D7', '2018年省级竞赛申报项目及联系人信息', 'EE908C0EB8954355A214C54656ED5570', '西南石油大学', '西南石油大学', '教务处', '1', '1', '刘晋州', '1539708536603', '2018-10-17 00:34:17', null);
INSERT INTO `t_dispensepro` VALUES ('5FD1EF69400E444CBA7AA179244DE589', '6700F258E3144DB0AF992442EAD679E9', '603AAE773E72434D874593FD21C25ABD', '第四届互联网+大赛联系人信息', '58F92F7F16F04DE7A6C58D8C30048F27', '西华师范大学', '西华师范大学', '教务处', '1', '1', '刘晋州', '1539615745830', '2018-10-15 22:46:29', null);
INSERT INTO `t_dispensepro` VALUES ('603EB77A27C14CE4B8B99A0C3955AB15', '6700F258E3144DB0AF992442EAD679E9', 'D46141DF349E48A8AF99E178069EF5D7', '2018年省级竞赛申报项目及联系人信息', '40296B1706B4401A9AC05F56CD2DE410', '四川化工职业技术学院', '四川化工职业技术学院', '教务处', '1', '1', '刘晋州', '1539708536603', '2018-10-17 00:34:17', null);
INSERT INTO `t_dispensepro` VALUES ('6205E17B8242484BB0DA70F1C7685ABA', '6700F258E3144DB0AF992442EAD679E9', '603AAE773E72434D874593FD21C25ABD', '第四届互联网+大赛联系人信息', 'EA29A512AEBC4AE593B9EB7B02773AC5', '绵阳职业技术学院', '绵阳职业技术学院', '教务处', '1', '1', '刘晋州', '1539615745830', '2018-10-15 22:46:29', null);
INSERT INTO `t_dispensepro` VALUES ('632F33CB611F479BA78295F92BF99B10', '6700F258E3144DB0AF992442EAD679E9', 'D46141DF349E48A8AF99E178069EF5D7', '2018年省级竞赛申报项目及联系人信息', '9CF8B790CE25484A9470DE677D96A0B9', '宜宾学院', '宜宾学院', '教务处', '1', '1', '刘晋州', '1539708536603', '2018-10-17 00:34:17', null);
INSERT INTO `t_dispensepro` VALUES ('65875AD1BC4C4ADBAACA44D8FCB68A17', '6700F258E3144DB0AF992442EAD679E9', 'D46141DF349E48A8AF99E178069EF5D7', '2018年省级竞赛申报项目及联系人信息', '4975F33C0F964AFFAFC6F566EE7E9684', '四川电力职业技术学院', '四川电力职业技术学院', '教务处', '1', '1', '刘晋州', '1539708536603', '2018-10-17 00:34:17', null);
INSERT INTO `t_dispensepro` VALUES ('6709420D4E9A4473A58C4EC05DA9D233', '6700F258E3144DB0AF992442EAD679E9', 'D46141DF349E48A8AF99E178069EF5D7', '2018年省级竞赛申报项目及联系人信息', '2CB8187A9B344336A6A407A35ECB3EDC', '四川大学锦江学院', '四川大学锦江学院', '教务处', '1', '1', '刘晋州', '1539708536603', '2018-10-17 00:34:17', null);
INSERT INTO `t_dispensepro` VALUES ('6916E426298645C994D205CB5165090F', '6700F258E3144DB0AF992442EAD679E9', '603AAE773E72434D874593FD21C25ABD', '第四届互联网+大赛联系人信息', '910FF0FEDAD6456D90331050825502E2', '川北幼儿师范高等专科学校', '川北幼儿师范高等专科学校', '教务处', '1', '1', '刘晋州', '1539615745830', '2018-10-15 22:46:29', null);
INSERT INTO `t_dispensepro` VALUES ('6A6229AA8FD14D3B9ADBE1A25123DA77', '6700F258E3144DB0AF992442EAD679E9', 'D46141DF349E48A8AF99E178069EF5D7', '2018年省级竞赛申报项目及联系人信息', '1A1E24687E51419E91EB7DD3739ED41B', '德阳科贸职业学院', '德阳科贸职业学院', '教务处', '1', '1', '刘晋州', '1539708536603', '2018-10-17 00:34:17', null);
INSERT INTO `t_dispensepro` VALUES ('6A75AD65445C4CCFA9C16E07A501F461', '6700F258E3144DB0AF992442EAD679E9', 'D46141DF349E48A8AF99E178069EF5D7', '2018年省级竞赛申报项目及联系人信息', '87680A18652F4459AD65F245826B7B5A', '成都工贸职业技术学院', '成都工贸职业技术学院', '教务处', '1', '1', '刘晋州', '1539708536603', '2018-10-17 00:34:17', null);
INSERT INTO `t_dispensepro` VALUES ('6AA03F6BAF154FE89AF617C7940C69FA', '6700F258E3144DB0AF992442EAD679E9', 'D46141DF349E48A8AF99E178069EF5D7', '2018年省级竞赛申报项目及联系人信息', 'F3BE67B82F5C4794B41CEE5B498D319E', '电子科技大学', '电子科技大学', '教务处', '1', '1', '刘晋州', '1539708536603', '2018-10-17 00:34:17', null);
INSERT INTO `t_dispensepro` VALUES ('6AB2B9FC891A4AEEB0579EEEFE093F23', '6700F258E3144DB0AF992442EAD679E9', 'D46141DF349E48A8AF99E178069EF5D7', '2018年省级竞赛申报项目及联系人信息', '3B35A5E09CF34587964BC9845D8AF430', '江阳城建职业学院', '江阳城建职业学院', '教务处', '1', '1', '刘晋州', '1539708536603', '2018-10-17 00:34:17', null);
INSERT INTO `t_dispensepro` VALUES ('6B66B5367A794182BC2DB11381F0736A', '6700F258E3144DB0AF992442EAD679E9', '603AAE773E72434D874593FD21C25ABD', '第四届互联网+大赛联系人信息', '28E92050F47A47CA825BFF3D132A575A', '四川城市职业学院', '四川城市职业学院', '教务处', '1', '1', '刘晋州', '1539615745830', '2018-10-15 22:46:29', null);
INSERT INTO `t_dispensepro` VALUES ('6BFADAE2641F4583B81FEA9D1113E508', '6700F258E3144DB0AF992442EAD679E9', '603AAE773E72434D874593FD21C25ABD', '第四届互联网+大赛联系人信息', '2CB8187A9B344336A6A407A35ECB3EDC', '四川大学锦江学院', '四川大学锦江学院', '教务处', '1', '1', '刘晋州', '1539615745830', '2018-10-15 22:46:29', null);
INSERT INTO `t_dispensepro` VALUES ('6D73A986ED9840E79DED7A472C924261', '6700F258E3144DB0AF992442EAD679E9', 'D46141DF349E48A8AF99E178069EF5D7', '2018年省级竞赛申报项目及联系人信息', '2E76DDCC1DF14FE793FA123FE6C03333', '成都医学院', '成都医学院', '教务处', '1', '1', '刘晋州', '1539708536603', '2018-10-17 00:34:17', null);
INSERT INTO `t_dispensepro` VALUES ('6E400BFE9D26498283D590997BD1902F', '6700F258E3144DB0AF992442EAD679E9', '603AAE773E72434D874593FD21C25ABD', '第四届互联网+大赛联系人信息', 'DF8C30487A69425C92CD94EC468ED755', '四川商务职业学院', '四川商务职业学院', '教务处', '1', '1', '刘晋州', '1539615745830', '2018-10-15 22:46:29', null);
INSERT INTO `t_dispensepro` VALUES ('6E453976403C4038996623CA9D8E84ED', '6700F258E3144DB0AF992442EAD679E9', '603AAE773E72434D874593FD21C25ABD', '第四届互联网+大赛联系人信息', '07697778507B4ED7B22867073512BEA5', '西南交通大学希望学院', '西南交通大学希望学院', '教务处', '1', '1', '刘晋州', '1539615745830', '2018-10-15 22:46:29', null);
INSERT INTO `t_dispensepro` VALUES ('6EB1A7DC21E248359B487B8C7C0763EC', '6700F258E3144DB0AF992442EAD679E9', 'D46141DF349E48A8AF99E178069EF5D7', '2018年省级竞赛申报项目及联系人信息', '2EAFC1DA207B49DBBA0291DCEC9FFEBB', '四川电影电视学院', '四川电影电视学院', '教务处', '1', '1', '刘晋州', '1539708536603', '2018-10-17 00:34:17', null);
INSERT INTO `t_dispensepro` VALUES ('72585422B1714D25B4E640CE92D00CF8', '6700F258E3144DB0AF992442EAD679E9', '603AAE773E72434D874593FD21C25ABD', '第四届互联网+大赛联系人信息', '8DD5A360A74C4FB8B378AA442833DAE8', '天府新区信息职业学院', '天府新区信息职业学院', '教务处', '1', '1', '刘晋州', '1539615745830', '2018-10-15 22:46:29', null);
INSERT INTO `t_dispensepro` VALUES ('7278AFCEADB44B80945AFD6E262AB099', '6700F258E3144DB0AF992442EAD679E9', 'D46141DF349E48A8AF99E178069EF5D7', '2018年省级竞赛申报项目及联系人信息', '3652D3AFB7AF48E5A3E2500880C57D8E', '四川传媒学院', '四川传媒学院', '教务处', '1', '1', '刘晋州', '1539708536603', '2018-10-17 00:34:17', null);
INSERT INTO `t_dispensepro` VALUES ('75217A05BAAC4D5A8C41A5CB39385A10', '6700F258E3144DB0AF992442EAD679E9', '603AAE773E72434D874593FD21C25ABD', '第四届互联网+大赛联系人信息', '16C15F9F466947798F9F1BA40C707A0E', '四川体育职业学院', '四川体育职业学院', '教务处', '1', '1', '刘晋州', '1539615745830', '2018-10-15 22:46:29', null);
INSERT INTO `t_dispensepro` VALUES ('757A413B6F0E42488688FF9D63380461', '6700F258E3144DB0AF992442EAD679E9', 'D46141DF349E48A8AF99E178069EF5D7', '2018年省级竞赛申报项目及联系人信息', '78E2E892541F4538BE100CF3EB9F947D', '西南科技大学', '西南科技大学', '教务处', '1', '1', '刘晋州', '1539708536603', '2018-10-17 00:34:17', null);
INSERT INTO `t_dispensepro` VALUES ('76D8758B856F42D9A6AFD2C4C45BAC5D', '6700F258E3144DB0AF992442EAD679E9', 'D46141DF349E48A8AF99E178069EF5D7', '2018年省级竞赛申报项目及联系人信息', '1FFE11047B0341D79D6DA5C1AE2182D6', '四川托普信息技术职业学院', '四川托普信息技术职业学院', '教务处', '1', '1', '刘晋州', '1539708536603', '2018-10-17 00:34:17', null);
INSERT INTO `t_dispensepro` VALUES ('77CC855DD0DD4455BD41AADE44883DA5', '6700F258E3144DB0AF992442EAD679E9', 'D46141DF349E48A8AF99E178069EF5D7', '2018年省级竞赛申报项目及联系人信息', 'EA29A512AEBC4AE593B9EB7B02773AC5', '绵阳职业技术学院', '绵阳职业技术学院', '教务处', '1', '1', '刘晋州', '1539708536603', '2018-10-17 00:34:17', null);
INSERT INTO `t_dispensepro` VALUES ('78FB7DCF626346B1AB1EECA0112D13E8', '6700F258E3144DB0AF992442EAD679E9', 'D46141DF349E48A8AF99E178069EF5D7', '2018年省级竞赛申报项目及联系人信息', 'E3DB8DE389DA47EEB6D0ABCD49BF2065', '西昌学院', '西昌学院', '教务处', '1', '1', '刘晋州', '1539708536603', '2018-10-17 00:34:17', null);
INSERT INTO `t_dispensepro` VALUES ('7BFF31F77A704BBF90742094861ADDAE', '6700F258E3144DB0AF992442EAD679E9', '603AAE773E72434D874593FD21C25ABD', '第四届互联网+大赛联系人信息', '9945E7D041EC4FAC94604B6CB47E6152', '四川师范大学', '四川师范大学', '教务处', '2', '1', '刘晋州', '1539615745830', '2018-10-15 22:46:29', null);
INSERT INTO `t_dispensepro` VALUES ('7F60AA8EF2AF4E77A4ED6E224757E46C', '6700F258E3144DB0AF992442EAD679E9', 'D46141DF349E48A8AF99E178069EF5D7', '2018年省级竞赛申报项目及联系人信息', 'EEF263DE992043A69CD7A4B106070CBA', '西南科技大学城市学院', '西南科技大学城市学院', '教务处', '1', '1', '刘晋州', '1539708536603', '2018-10-17 00:34:17', null);
INSERT INTO `t_dispensepro` VALUES ('83FB97E37ABC4A39BF4DF3DF8EE534AC', '6700F258E3144DB0AF992442EAD679E9', 'D46141DF349E48A8AF99E178069EF5D7', '2018年省级竞赛申报项目及联系人信息', '155C775B8462421A9B81F10A5E173E96', '四川文化艺术学院', '四川文化艺术学院', '教务处', '1', '1', '刘晋州', '1539708536603', '2018-10-17 00:34:17', null);
INSERT INTO `t_dispensepro` VALUES ('85D782CD623B461EA0FEB3B8944CDFC4', '6700F258E3144DB0AF992442EAD679E9', 'D46141DF349E48A8AF99E178069EF5D7', '2018年省级竞赛申报项目及联系人信息', '5533DB634FE7435DB5AD6AD58B96698A', '四川三河职业学院', '四川三河职业学院', '教务处', '1', '1', '刘晋州', '1539708536603', '2018-10-17 00:34:17', null);
INSERT INTO `t_dispensepro` VALUES ('868418DB45C64B658E5BFC95914AC355', '6700F258E3144DB0AF992442EAD679E9', 'D46141DF349E48A8AF99E178069EF5D7', '2018年省级竞赛申报项目及联系人信息', 'F9FC0167CA934DEBB767675230B645C7', '川南幼儿师范高等专科学校', '川南幼儿师范高等专科学校', '教务处', '1', '1', '刘晋州', '1539708536603', '2018-10-17 00:34:17', null);
INSERT INTO `t_dispensepro` VALUES ('887FFBD909CB44F1AE01B2676425D768', '6700F258E3144DB0AF992442EAD679E9', '603AAE773E72434D874593FD21C25ABD', '第四届互联网+大赛联系人信息', 'BA581070D113474DBABC8D0283E051F4', '中国民用航空飞行学院', '中国民用航空飞行学院', '教务处', '1', '1', '刘晋州', '1539615745830', '2018-10-15 22:46:29', null);
INSERT INTO `t_dispensepro` VALUES ('8A1B5731EA654EF1B5C0B93A2A1465BB', '6700F258E3144DB0AF992442EAD679E9', '603AAE773E72434D874593FD21C25ABD', '第四届互联网+大赛联系人信息', 'F8B88B56AB78422584E88152A7438F95', '西南医科大学', '西南医科大学', '教务处', '1', '1', '刘晋州', '1539615745830', '2018-10-15 22:46:29', null);
INSERT INTO `t_dispensepro` VALUES ('8F08C52951C04AE190497BF4DD836151', '6700F258E3144DB0AF992442EAD679E9', '603AAE773E72434D874593FD21C25ABD', '第四届互联网+大赛联系人信息', '9D631CDCBC2449A48E63FFF05CCAB4FD', '四川护理职业学院', '四川护理职业学院', '教务处', '1', '1', '刘晋州', '1539615745830', '2018-10-15 22:46:29', null);
INSERT INTO `t_dispensepro` VALUES ('8FDE79B038884368A63385040735DC8B', '6700F258E3144DB0AF992442EAD679E9', 'D46141DF349E48A8AF99E178069EF5D7', '2018年省级竞赛申报项目及联系人信息', '3D1B842FE6D546418DF2350364D702C8', '内江师范学院', '内江师范学院', '教务处', '1', '1', '刘晋州', '1539708536603', '2018-10-17 00:34:17', null);
INSERT INTO `t_dispensepro` VALUES ('9011D52BEDE446D882C137944C44490D', '6700F258E3144DB0AF992442EAD679E9', '603AAE773E72434D874593FD21C25ABD', '第四届互联网+大赛联系人信息', '4975F33C0F964AFFAFC6F566EE7E9684', '四川电力职业技术学院', '四川电力职业技术学院', '教务处', '1', '1', '刘晋州', '1539615745830', '2018-10-15 22:46:29', null);
INSERT INTO `t_dispensepro` VALUES ('909386B5EE0E47339957C3FA830EC124', '6700F258E3144DB0AF992442EAD679E9', 'D46141DF349E48A8AF99E178069EF5D7', '2018年省级竞赛申报项目及联系人信息', 'A727A7CFF70B444EA96C55927C44CE00', '四川邮电职业技术学院', '四川邮电职业技术学院', '教务处', '1', '1', '刘晋州', '1539708536603', '2018-10-17 00:34:17', null);
INSERT INTO `t_dispensepro` VALUES ('91C50E8278E841BCB789E33F51479D3B', '6700F258E3144DB0AF992442EAD679E9', '603AAE773E72434D874593FD21C25ABD', '第四届互联网+大赛联系人信息', 'FB95AC6FE01740A3BA19B22F71345DBE', '广安职业技术学院', '广安职业技术学院', '教务处', '1', '1', '刘晋州', '1539615745830', '2018-10-15 22:46:29', null);
INSERT INTO `t_dispensepro` VALUES ('932406EB50A54735AEAA9EF42F3F06F3', '6700F258E3144DB0AF992442EAD679E9', '603AAE773E72434D874593FD21C25ABD', '第四届互联网+大赛联系人信息', '91227BB52CF3403BA863A5B9F99A14E7', '成都理工大学工程技术学院', '成都理工大学工程技术学院', '教务处', '1', '1', '刘晋州', '1539615745830', '2018-10-15 22:46:29', null);
INSERT INTO `t_dispensepro` VALUES ('94003C5AAE2C4B4195D9FFE57A27FD34', '6700F258E3144DB0AF992442EAD679E9', 'D46141DF349E48A8AF99E178069EF5D7', '2018年省级竞赛申报项目及联系人信息', 'A687B8C7F0784E2A887943A830442D21', '西南民族大学', '西南民族大学', '教务处', '1', '1', '刘晋州', '1539708536603', '2018-10-17 00:34:17', null);
INSERT INTO `t_dispensepro` VALUES ('9862BC3E721F45868015FE4A9E99BE6B', '6700F258E3144DB0AF992442EAD679E9', '603AAE773E72434D874593FD21C25ABD', '第四届互联网+大赛联系人信息', '1A1E24687E51419E91EB7DD3739ED41B', '德阳科贸职业学院', '德阳科贸职业学院', '教务处', '1', '1', '刘晋州', '1539615745830', '2018-10-15 22:46:29', null);
INSERT INTO `t_dispensepro` VALUES ('9889B9233FD544C2BB9883465222B04C', '6700F258E3144DB0AF992442EAD679E9', '603AAE773E72434D874593FD21C25ABD', '第四届互联网+大赛联系人信息', 'FDCB793AAD6E4E50B7008D3384F6A0AF', '绵阳师范学院', '绵阳师范学院', '教务处', '1', '1', '刘晋州', '1539615745830', '2018-10-15 22:46:29', null);
INSERT INTO `t_dispensepro` VALUES ('999734C4DAE94A3A8D4E5A6836B2AE74', '6700F258E3144DB0AF992442EAD679E9', 'D46141DF349E48A8AF99E178069EF5D7', '2018年省级竞赛申报项目及联系人信息', 'ABDE34C0E48A488A8D787F1F100C4146', '成都信息工程大学银杏酒店管理学院', '成都信息工程大学银杏酒店管理学院', '教务处', '1', '1', '刘晋州', '1539708536603', '2018-10-17 00:34:17', null);
INSERT INTO `t_dispensepro` VALUES ('9BA4FD36B45548BF94DDA2509ED760BC', '6700F258E3144DB0AF992442EAD679E9', 'D46141DF349E48A8AF99E178069EF5D7', '2018年省级竞赛申报项目及联系人信息', '14C6E954E1B442E18B06DEEF235192D8', '四川农业大学', '四川农业大学', '教务处', '1', '1', '刘晋州', '1539708536603', '2018-10-17 00:34:17', null);
INSERT INTO `t_dispensepro` VALUES ('9C36938BDD3447E18557EF744E04B8BD', '6700F258E3144DB0AF992442EAD679E9', '603AAE773E72434D874593FD21C25ABD', '第四届互联网+大赛联系人信息', 'A687B8C7F0784E2A887943A830442D21', '西南民族大学', '西南民族大学', '教务处', '2', '1', '刘晋州', '1539615745830', '2018-10-15 22:46:29', null);
INSERT INTO `t_dispensepro` VALUES ('A00AF72DFF624955AE22CA361C1E6F05', '6700F258E3144DB0AF992442EAD679E9', '603AAE773E72434D874593FD21C25ABD', '第四届互联网+大赛联系人信息', 'B17892CBA6754FF3A9B879F2D765447D', '攀枝花学院', '攀枝花学院', '教务处', '1', '1', '刘晋州', '1539615745830', '2018-10-15 22:46:29', null);
INSERT INTO `t_dispensepro` VALUES ('A05E859CDE1B4E05BDE39AC311297F99', '6700F258E3144DB0AF992442EAD679E9', '603AAE773E72434D874593FD21C25ABD', '第四届互联网+大赛联系人信息', 'DD2DE0E9844D494BAC4300E670B25A49', '眉山职业技术学院', '眉山职业技术学院', '教务处', '1', '1', '刘晋州', '1539615745830', '2018-10-15 22:46:29', null);
INSERT INTO `t_dispensepro` VALUES ('A11064695AFE401584F804341BE85819', '6700F258E3144DB0AF992442EAD679E9', '603AAE773E72434D874593FD21C25ABD', '第四届互联网+大赛联系人信息', 'CD0E9E052AA0470BA65E014DC4267DE5', '四川交通职业技术学院', '四川交通职业技术学院', '教务处', '2', '3', '刘晋州', '1539615745830', '2018-10-15 22:46:29', null);
INSERT INTO `t_dispensepro` VALUES ('A3B746E4F480458DA3A5C01CEF86E93B', '6700F258E3144DB0AF992442EAD679E9', 'D46141DF349E48A8AF99E178069EF5D7', '2018年省级竞赛申报项目及联系人信息', '9D631CDCBC2449A48E63FFF05CCAB4FD', '四川护理职业学院', '四川护理职业学院', '教务处', '1', '1', '刘晋州', '1539708536603', '2018-10-17 00:34:17', null);
INSERT INTO `t_dispensepro` VALUES ('A485D52D5AE6499DB5F9AADE6C1949EE', '6700F258E3144DB0AF992442EAD679E9', '603AAE773E72434D874593FD21C25ABD', '第四届互联网+大赛联系人信息', 'F4EB4A69DC6B4F9E8B84D4AD1AA6AC79', '四川职业技术学院', '四川职业技术学院', '教务处', '1', '1', '刘晋州', '1539615745830', '2018-10-15 22:46:29', null);
INSERT INTO `t_dispensepro` VALUES ('A4A39FABC7234C189E9CBACCEF904896', '6700F258E3144DB0AF992442EAD679E9', 'D46141DF349E48A8AF99E178069EF5D7', '2018年省级竞赛申报项目及联系人信息', '53C5135D04374AFC8FE985493EE27C51', '四川音乐学院', '四川音乐学院', '教务处', '1', '1', '刘晋州', '1539708536603', '2018-10-17 00:34:17', null);
INSERT INTO `t_dispensepro` VALUES ('A4EC9E75678D47178933B93BE88D6885', '6700F258E3144DB0AF992442EAD679E9', '603AAE773E72434D874593FD21C25ABD', '第四届互联网+大赛联系人信息', '8CA4E5A6ACAB4626AE543378F6FDC2D2', '天府新区航空旅游职业学院', '天府新区航空旅游职业学院', '教务处', '1', '1', '刘晋州', '1539615745830', '2018-10-15 22:46:29', null);
INSERT INTO `t_dispensepro` VALUES ('A50A4A4225004C7B9CB0BAE5C0B6D3E3', '6700F258E3144DB0AF992442EAD679E9', 'D46141DF349E48A8AF99E178069EF5D7', '2018年省级竞赛申报项目及联系人信息', '0C6F94C266D74E8BAA5D8BF13B69362E', '眉山药科职业学院', '眉山药科职业学院', '教务处', '1', '1', '刘晋州', '1539708536603', '2018-10-17 00:34:17', null);
INSERT INTO `t_dispensepro` VALUES ('A6687677E39F44E0933AE0AB12B99835', '6700F258E3144DB0AF992442EAD679E9', 'D46141DF349E48A8AF99E178069EF5D7', '2018年省级竞赛申报项目及联系人信息', 'D9C549F16F5044DA960ACD9BB7C87304', '南充职业技术学院', '南充职业技术学院', '教务处', '1', '1', '刘晋州', '1539708536603', '2018-10-17 00:34:17', null);
INSERT INTO `t_dispensepro` VALUES ('A794A5F4B41D49D48E03AA05C679263D', '6700F258E3144DB0AF992442EAD679E9', 'D46141DF349E48A8AF99E178069EF5D7', '2018年省级竞赛申报项目及联系人信息', '475FCF205A194C11AC30BD36BD8DDFBF', '四川希望汽车职业学院', '四川希望汽车职业学院', '教务处', '1', '1', '刘晋州', '1539708536603', '2018-10-17 00:34:17', null);
INSERT INTO `t_dispensepro` VALUES ('AA0D928325DE475DBB7CEEF14C0F1577', '6700F258E3144DB0AF992442EAD679E9', 'D46141DF349E48A8AF99E178069EF5D7', '2018年省级竞赛申报项目及联系人信息', 'D35657A6ABDF4F749B9532E953A81031', '成都工业学院', '成都工业学院', '教务处', '1', '1', '刘晋州', '1539708536603', '2018-10-17 00:34:17', null);
INSERT INTO `t_dispensepro` VALUES ('AA157A7F2C88412E9DA8A1AC0E505052', '6700F258E3144DB0AF992442EAD679E9', '603AAE773E72434D874593FD21C25ABD', '第四届互联网+大赛联系人信息', '8FA9BDF9C80A4051B6751D8201F2A26B', '四川文化产业职业学院', '四川文化产业职业学院', '教务处', '1', '1', '刘晋州', '1539615745830', '2018-10-15 22:46:29', null);
INSERT INTO `t_dispensepro` VALUES ('AACF1D5EA3CA42A298CBD40CBE8D249E', '6700F258E3144DB0AF992442EAD679E9', 'D46141DF349E48A8AF99E178069EF5D7', '2018年省级竞赛申报项目及联系人信息', '26D9014C5A96435B8C83760A8D1CE848', '四川工业科技学院', '四川工业科技学院', '教务处', '1', '1', '刘晋州', '1539708536603', '2018-10-17 00:34:17', null);
INSERT INTO `t_dispensepro` VALUES ('AB43F26A336446F2BDCA1F7999CCE137', '6700F258E3144DB0AF992442EAD679E9', '603AAE773E72434D874593FD21C25ABD', '第四届互联网+大赛联系人信息', '7D0B90EE5150423F811FEBF47EA30D00', '四川中医药高等专科学校', '四川中医药高等专科学校', '教务处', '1', '1', '刘晋州', '1539615745830', '2018-10-15 22:46:29', null);
INSERT INTO `t_dispensepro` VALUES ('AC694F80254B447E9F6B142E4D70AB2E', '6700F258E3144DB0AF992442EAD679E9', 'D46141DF349E48A8AF99E178069EF5D7', '2018年省级竞赛申报项目及联系人信息', 'F2A4AB0FBF6146A4880D8D56AEA6CFA5', '四川西南航空职业学院', '四川西南航空职业学院', '教务处', '1', '1', '刘晋州', '1539708536603', '2018-10-17 00:34:17', null);
INSERT INTO `t_dispensepro` VALUES ('AC8D240EEDA64A45A2BF7BD03C1300C3', '6700F258E3144DB0AF992442EAD679E9', 'D46141DF349E48A8AF99E178069EF5D7', '2018年省级竞赛申报项目及联系人信息', 'CF74974C8FDE4B5AA951A7EB9CB8B390', '德阳城市轨道交通职业学院', '德阳城市轨道交通职业学院', '教务处', '1', '1', '刘晋州', '1539708536603', '2018-10-17 00:34:17', null);
INSERT INTO `t_dispensepro` VALUES ('ACF11D8F65884E08BADC2E5D8862532B', '6700F258E3144DB0AF992442EAD679E9', '603AAE773E72434D874593FD21C25ABD', '第四届互联网+大赛联系人信息', 'D9C549F16F5044DA960ACD9BB7C87304', '南充职业技术学院', '南充职业技术学院', '教务处', '1', '1', '刘晋州', '1539615745830', '2018-10-15 22:46:29', null);
INSERT INTO `t_dispensepro` VALUES ('ADF4E73233804FBFBC37C4AC9C21CCE2', '6700F258E3144DB0AF992442EAD679E9', 'D46141DF349E48A8AF99E178069EF5D7', '2018年省级竞赛申报项目及联系人信息', 'B532F80A31554384BBF799CCCBB272E3', '四川警察学院', '四川警察学院', '教务处', '1', '1', '刘晋州', '1539708536603', '2018-10-17 00:34:17', null);
INSERT INTO `t_dispensepro` VALUES ('AE037B5E26424E06ACACC0AD0F2AB444', '6700F258E3144DB0AF992442EAD679E9', '603AAE773E72434D874593FD21C25ABD', '第四届互联网+大赛联系人信息', 'EE908C0EB8954355A214C54656ED5570', '西南石油大学', '西南石油大学', '教务处', '1', '1', '刘晋州', '1539615745830', '2018-10-15 22:46:29', null);
INSERT INTO `t_dispensepro` VALUES ('AF135607107444369DE3054AE4A3FAF1', '6700F258E3144DB0AF992442EAD679E9', '603AAE773E72434D874593FD21C25ABD', '第四届互联网+大赛联系人信息', 'C58FA006F5C34A86A94B9489FBA45AE7', '四川工商职业技术学院', '四川工商职业技术学院', '教务处', '1', '1', '刘晋州', '1539615745830', '2018-10-15 22:46:29', null);
INSERT INTO `t_dispensepro` VALUES ('AFA45CA62F854D409F7EAA1868972756', '6700F258E3144DB0AF992442EAD679E9', 'D46141DF349E48A8AF99E178069EF5D7', '2018年省级竞赛申报项目及联系人信息', '0C524D1A572E4E99B76EA914FDA83989', '成都农业科技职业学院', '成都农业科技职业学院', '教务处', '1', '1', '刘晋州', '1539708536603', '2018-10-17 00:34:17', null);
INSERT INTO `t_dispensepro` VALUES ('B0385469FBE7407CBBB7F73391AD40EC', '6700F258E3144DB0AF992442EAD679E9', 'D46141DF349E48A8AF99E178069EF5D7', '2018年省级竞赛申报项目及联系人信息', '26E4AFC49D324FE48124D8E431F90743', '内江职业技术学院', '内江职业技术学院', '教务处', '1', '1', '刘晋州', '1539708536603', '2018-10-17 00:34:17', null);
INSERT INTO `t_dispensepro` VALUES ('B07D28E27D2D40A6B351501E43B3B063', '6700F258E3144DB0AF992442EAD679E9', '603AAE773E72434D874593FD21C25ABD', '第四届互联网+大赛联系人信息', '8190E72771734D58BB24CFA991922F5A', '川北医学院', '川北医学院', '教务处', '1', '1', '刘晋州', '1539615745830', '2018-10-15 22:46:29', null);
INSERT INTO `t_dispensepro` VALUES ('B374258BE5964691B805B52D1BBA0D0D', '6700F258E3144DB0AF992442EAD679E9', '603AAE773E72434D874593FD21C25ABD', '第四届互联网+大赛联系人信息', '4F82562FE7E948F09AE9729A36F56D3F', '宜宾职业技术学院', '宜宾职业技术学院', '教务处', '1', '1', '刘晋州', '1539615745830', '2018-10-15 22:46:29', null);
INSERT INTO `t_dispensepro` VALUES ('B3DBED539FFD4690BC9DE45F70B2E0FC', '6700F258E3144DB0AF992442EAD679E9', '603AAE773E72434D874593FD21C25ABD', '第四届互联网+大赛联系人信息', '9493F754FA3B4383B0D20087F5B032BB', '四川民族学院', '四川民族学院', '教务处', '1', '1', '刘晋州', '1539615745830', '2018-10-15 22:46:29', null);
INSERT INTO `t_dispensepro` VALUES ('B46237699132456185164FC58F0F10F7', '6700F258E3144DB0AF992442EAD679E9', '603AAE773E72434D874593FD21C25ABD', '第四届互联网+大赛联系人信息', 'A81374553DD64D90AD454BAB8FBFF132', '成都中医药大学', '成都中医药大学', '教务处', '1', '1', '刘晋州', '1539615745830', '2018-10-15 22:46:29', null);
INSERT INTO `t_dispensepro` VALUES ('B519DA50B79D458C9170BBCCDA63B972', '6700F258E3144DB0AF992442EAD679E9', 'D46141DF349E48A8AF99E178069EF5D7', '2018年省级竞赛申报项目及联系人信息', '58F92F7F16F04DE7A6C58D8C30048F27', '西华师范大学', '西华师范大学', '教务处', '1', '1', '刘晋州', '1539708536603', '2018-10-17 00:34:17', null);
INSERT INTO `t_dispensepro` VALUES ('B5483A7822AC4346AF75318CF580DEB3', '6700F258E3144DB0AF992442EAD679E9', 'D46141DF349E48A8AF99E178069EF5D7', '2018年省级竞赛申报项目及联系人信息', '5F92ED72314847CBBE83E60634F76523', '成都师范学院', '成都师范学院', '教务处', '1', '1', '刘晋州', '1539708536603', '2018-10-17 00:34:17', null);
INSERT INTO `t_dispensepro` VALUES ('B661D3883ED24520BF3F748C021F84C9', '6700F258E3144DB0AF992442EAD679E9', '603AAE773E72434D874593FD21C25ABD', '第四届互联网+大赛联系人信息', '26E4AFC49D324FE48124D8E431F90743', '内江职业技术学院', '内江职业技术学院', '教务处', '1', '1', '刘晋州', '1539615745830', '2018-10-15 22:46:29', null);
INSERT INTO `t_dispensepro` VALUES ('B827E64CB17544B9BB970520B032AE28', '6700F258E3144DB0AF992442EAD679E9', 'D46141DF349E48A8AF99E178069EF5D7', '2018年省级竞赛申报项目及联系人信息', 'DD2DE0E9844D494BAC4300E670B25A49', '眉山职业技术学院', '眉山职业技术学院', '教务处', '1', '1', '刘晋州', '1539708536603', '2018-10-17 00:34:17', null);
INSERT INTO `t_dispensepro` VALUES ('B85C43059A23427998022FB22DFA30D9', '6700F258E3144DB0AF992442EAD679E9', '603AAE773E72434D874593FD21C25ABD', '第四届互联网+大赛联系人信息', '18E7D472F46741539DF269A44E3ADE5D', '天府新区通用航空职业学院', '天府新区通用航空职业学院', '教务处', '1', '1', '刘晋州', '1539615745830', '2018-10-15 22:46:29', null);
INSERT INTO `t_dispensepro` VALUES ('B8EEBCEBD4FE4F1FB3BED9F654196E2A', '6700F258E3144DB0AF992442EAD679E9', 'D46141DF349E48A8AF99E178069EF5D7', '2018年省级竞赛申报项目及联系人信息', 'F7E5502020CD45489FA6AE209AD1C375', '四川应用技术职业学院', '四川应用技术职业学院', '教务处', '1', '1', '刘晋州', '1539708536603', '2018-10-17 00:34:17', null);
INSERT INTO `t_dispensepro` VALUES ('BB27F2ADAF9C4678BFBC17763AD20F32', '6700F258E3144DB0AF992442EAD679E9', 'D46141DF349E48A8AF99E178069EF5D7', '2018年省级竞赛申报项目及联系人信息', 'BA581070D113474DBABC8D0283E051F4', '中国民用航空飞行学院', '中国民用航空飞行学院', '教务处', '1', '1', '刘晋州', '1539708536603', '2018-10-17 00:34:17', null);
INSERT INTO `t_dispensepro` VALUES ('BCE44CAA2CB24523BCFF1229BC2C59E6', '6700F258E3144DB0AF992442EAD679E9', '603AAE773E72434D874593FD21C25ABD', '第四届互联网+大赛联系人信息', '53C5135D04374AFC8FE985493EE27C51', '四川音乐学院', '四川音乐学院', '教务处', '1', '1', '刘晋州', '1539615745830', '2018-10-15 22:46:29', null);
INSERT INTO `t_dispensepro` VALUES ('BCF3C9037F064A9DAC52B813D3DEFC83', '6700F258E3144DB0AF992442EAD679E9', 'D46141DF349E48A8AF99E178069EF5D7', '2018年省级竞赛申报项目及联系人信息', 'E405E83C268C4564880FCCC5346E1BF2', '阿坝职业学院', '阿坝职业学院', '教务处', '1', '1', '刘晋州', '1539708536603', '2018-10-17 00:34:17', null);
INSERT INTO `t_dispensepro` VALUES ('C13CA064F2124D40A43EE436FCD36658', '6700F258E3144DB0AF992442EAD679E9', '603AAE773E72434D874593FD21C25ABD', '第四届互联网+大赛联系人信息', '0C6F94C266D74E8BAA5D8BF13B69362E', '眉山药科职业学院', '眉山药科职业学院', '教务处', '1', '1', '刘晋州', '1539615745830', '2018-10-15 22:46:29', null);
INSERT INTO `t_dispensepro` VALUES ('C2D222A674E242E79B4772BCACA5C759', '6700F258E3144DB0AF992442EAD679E9', '603AAE773E72434D874593FD21C25ABD', '第四届互联网+大赛联系人信息', '48E1EC2E4A254FAF9F2CA9F26634C8DE', '成都体育学院', '成都体育学院', '教务处', '1', '1', '刘晋州', '1539615745830', '2018-10-15 22:46:29', null);
INSERT INTO `t_dispensepro` VALUES ('C50390BBE81943B99C2DA88CD503C4ED', '6700F258E3144DB0AF992442EAD679E9', '603AAE773E72434D874593FD21C25ABD', '第四届互联网+大赛联系人信息', 'AD4D3CF8F46B4EB98888D15DB5DD6FA9', '西华大学', '西华大学', '教务处', '1', '1', '刘晋州', '1539615745830', '2018-10-15 22:46:29', null);
INSERT INTO `t_dispensepro` VALUES ('C69421BC547949ABAB3333F7ECED10AA', '6700F258E3144DB0AF992442EAD679E9', 'D46141DF349E48A8AF99E178069EF5D7', '2018年省级竞赛申报项目及联系人信息', '330D88C901B84EC4B61DECBC93C4F0EC', '成都航空职业技术学院', '成都航空职业技术学院', '教务处', '1', '1', '刘晋州', '1539708536603', '2018-10-17 00:34:17', null);
INSERT INTO `t_dispensepro` VALUES ('C7DBA31207F44F3FB83F5C711388515D', '6700F258E3144DB0AF992442EAD679E9', '603AAE773E72434D874593FD21C25ABD', '第四届互联网+大赛联系人信息', '1F8AA64018E844779E64E4D164240760', '西昌民族幼儿师范高等专科学校', '西昌民族幼儿师范高等专科学校', '教务处', '1', '1', '刘晋州', '1539615745830', '2018-10-15 22:46:29', null);
INSERT INTO `t_dispensepro` VALUES ('C84FEE227326400382524AADD957718C', '6700F258E3144DB0AF992442EAD679E9', '603AAE773E72434D874593FD21C25ABD', '第四届互联网+大赛联系人信息', 'D0A4E0DEBDB04B4999B83E8F9FA6FC0C', '西南财经大学天府学院', '西南财经大学天府学院', '教务处', '1', '1', '刘晋州', '1539615745830', '2018-10-15 22:46:29', null);
INSERT INTO `t_dispensepro` VALUES ('C8DC843224B6464DB1668D4CFC4E788E', '6700F258E3144DB0AF992442EAD679E9', 'D46141DF349E48A8AF99E178069EF5D7', '2018年省级竞赛申报项目及联系人信息', '9BD81AB8882946158AE061429B9AF891', '四川幼儿师范高等专科学校', '四川幼儿师范高等专科学校', '教务处', '1', '1', '刘晋州', '1539708536603', '2018-10-17 00:34:17', null);
INSERT INTO `t_dispensepro` VALUES ('C9F42AEC3283409D805E9332E1947F7D', '6700F258E3144DB0AF992442EAD679E9', '603AAE773E72434D874593FD21C25ABD', '第四届互联网+大赛联系人信息', 'F9FC0167CA934DEBB767675230B645C7', '川南幼儿师范高等专科学校', '川南幼儿师范高等专科学校', '教务处', '1', '1', '刘晋州', '1539615745830', '2018-10-15 22:46:29', null);
INSERT INTO `t_dispensepro` VALUES ('CBCEB23E0CDB43D39EC4051ABC41E122', '6700F258E3144DB0AF992442EAD679E9', 'D46141DF349E48A8AF99E178069EF5D7', '2018年省级竞赛申报项目及联系人信息', 'E6ACD21AE60D4E48BC263233449016B7', '西南财经大学', '西南财经大学', '教务处', '1', '1', '刘晋州', '1539708536603', '2018-10-17 00:34:17', null);
INSERT INTO `t_dispensepro` VALUES ('CBD6DCBFC6734D58A1DFFB9305CBDBDA', '6700F258E3144DB0AF992442EAD679E9', 'D46141DF349E48A8AF99E178069EF5D7', '2018年省级竞赛申报项目及联系人信息', '9440E9768EDA4D4B9ACFF1A15A154B29', '四川财经职业学院', '四川财经职业学院', '教务处', '1', '1', '刘晋州', '1539708536603', '2018-10-17 00:34:17', null);
INSERT INTO `t_dispensepro` VALUES ('CBF86938BBE6428A946E65FBC46CFA9C', '6700F258E3144DB0AF992442EAD679E9', 'D46141DF349E48A8AF99E178069EF5D7', '2018年省级竞赛申报项目及联系人信息', '8FA9BDF9C80A4051B6751D8201F2A26B', '四川文化产业职业学院', '四川文化产业职业学院', '教务处', '1', '1', '刘晋州', '1539708536603', '2018-10-17 00:34:17', null);
INSERT INTO `t_dispensepro` VALUES ('CC621C548CC74F77B9CBCE7D8040F9C3', '6700F258E3144DB0AF992442EAD679E9', '603AAE773E72434D874593FD21C25ABD', '第四届互联网+大赛联系人信息', '3D1B842FE6D546418DF2350364D702C8', '内江师范学院', '内江师范学院', '教务处', '1', '1', '刘晋州', '1539615745830', '2018-10-15 22:46:29', null);
INSERT INTO `t_dispensepro` VALUES ('CE264398F7FF4DC5A17F47ACE0B3408B', '6700F258E3144DB0AF992442EAD679E9', 'D46141DF349E48A8AF99E178069EF5D7', '2018年省级竞赛申报项目及联系人信息', 'FB62962D8E8141B7A166D5B6F2D8430C', '四川文轩职业学院', '四川文轩职业学院', '教务处', '1', '1', '刘晋州', '1539708536603', '2018-10-17 00:34:17', null);
INSERT INTO `t_dispensepro` VALUES ('CF05B8B2627545788BC07B3149C291CE', '6700F258E3144DB0AF992442EAD679E9', 'D46141DF349E48A8AF99E178069EF5D7', '2018年省级竞赛申报项目及联系人信息', '8DD5A360A74C4FB8B378AA442833DAE8', '天府新区信息职业学院', '天府新区信息职业学院', '教务处', '1', '1', '刘晋州', '1539708536603', '2018-10-17 00:34:17', null);
INSERT INTO `t_dispensepro` VALUES ('CF0F78FB5E5B43339788990096CC0335', '6700F258E3144DB0AF992442EAD679E9', 'D46141DF349E48A8AF99E178069EF5D7', '2018年省级竞赛申报项目及联系人信息', '9493F754FA3B4383B0D20087F5B032BB', '四川民族学院', '四川民族学院', '教务处', '1', '1', '刘晋州', '1539708536603', '2018-10-17 00:34:17', null);
INSERT INTO `t_dispensepro` VALUES ('D16A41BB7E444E72B5437EE911923A8A', '6700F258E3144DB0AF992442EAD679E9', '603AAE773E72434D874593FD21C25ABD', '第四届互联网+大赛联系人信息', '4DDFE6E95E4A4327A2BFB458ED1AAFCE', '四川司法警官职业学院', '四川司法警官职业学院', '教务处', '1', '1', '刘晋州', '1539615745830', '2018-10-15 22:46:29', null);
INSERT INTO `t_dispensepro` VALUES ('D20EF2B82B2A4EC0BA7C49018F5238DC', '6700F258E3144DB0AF992442EAD679E9', 'D46141DF349E48A8AF99E178069EF5D7', '2018年省级竞赛申报项目及联系人信息', 'F3CDEF63DD094DC39A7307032D6C987D', '乐山师范学院', '乐山师范学院', '教务处', '1', '1', '刘晋州', '1539708536603', '2018-10-17 00:34:17', null);
INSERT INTO `t_dispensepro` VALUES ('D39FE6DC9E9E4B99800C302F52026CFB', '6700F258E3144DB0AF992442EAD679E9', 'D46141DF349E48A8AF99E178069EF5D7', '2018年省级竞赛申报项目及联系人信息', '4DDFE6E95E4A4327A2BFB458ED1AAFCE', '四川司法警官职业学院', '四川司法警官职业学院', '教务处', '1', '1', '刘晋州', '1539708536603', '2018-10-17 00:34:17', null);
INSERT INTO `t_dispensepro` VALUES ('D3CAEE47239040F4A5467E601DEBF0C3', '6700F258E3144DB0AF992442EAD679E9', '603AAE773E72434D874593FD21C25ABD', '第四届互联网+大赛联系人信息', 'A4BF08468B3C4A6DB578AFC9F51A05D3', '四川华新现代职业学院', '四川华新现代职业学院', '教务处', '1', '1', '刘晋州', '1539615745830', '2018-10-15 22:46:29', null);
INSERT INTO `t_dispensepro` VALUES ('D541A533287C4B74B310EDD227B2910B', '6700F258E3144DB0AF992442EAD679E9', 'D46141DF349E48A8AF99E178069EF5D7', '2018年省级竞赛申报项目及联系人信息', 'C6548D1D77744725A23DD4FFE5BB37DE', '成都信息工程大学', '成都信息工程大学', '教务处', '1', '1', '刘晋州', '1539708536603', '2018-10-17 00:34:17', null);
INSERT INTO `t_dispensepro` VALUES ('D5E35DA0489649A7940E304F34479493', '6700F258E3144DB0AF992442EAD679E9', '603AAE773E72434D874593FD21C25ABD', '第四届互联网+大赛联系人信息', '330D88C901B84EC4B61DECBC93C4F0EC', '成都航空职业技术学院', '成都航空职业技术学院', '教务处', '1', '1', '刘晋州', '1539615745830', '2018-10-15 22:46:29', null);
INSERT INTO `t_dispensepro` VALUES ('D73E87D3AD1F4B6AA0B57A3B24DDFF72', '6700F258E3144DB0AF992442EAD679E9', '603AAE773E72434D874593FD21C25ABD', '第四届互联网+大赛联系人信息', '5F3F277B4BF44495A05C168D0BB70302', '四川大学', '四川大学', '教务处', '1', '1', '刘晋州', '1539615745830', '2018-10-15 22:46:29', null);
INSERT INTO `t_dispensepro` VALUES ('D73F097D78AF4FE485AD0969C8BDC94E', '6700F258E3144DB0AF992442EAD679E9', 'D46141DF349E48A8AF99E178069EF5D7', '2018年省级竞赛申报项目及联系人信息', '5A0F586A7B5044DCA65E79586CD3AE98', '四川建筑职业技术学院', '四川建筑职业技术学院', '教务处', '1', '1', '刘晋州', '1539708536603', '2018-10-17 00:34:17', null);
INSERT INTO `t_dispensepro` VALUES ('D8BAEEAB9EE24764A980B26B90A719C4', '6700F258E3144DB0AF992442EAD679E9', 'D46141DF349E48A8AF99E178069EF5D7', '2018年省级竞赛申报项目及联系人信息', '3DB37B147FB74C2B93B3448815D2E564', '四川机电职业技术学院', '四川机电职业技术学院', '教务处', '1', '1', '刘晋州', '1539708536603', '2018-10-17 00:34:17', null);
INSERT INTO `t_dispensepro` VALUES ('D9483FB95C6C4F0EB73217043CB67B11', '6700F258E3144DB0AF992442EAD679E9', '603AAE773E72434D874593FD21C25ABD', '第四届互联网+大赛联系人信息', 'F3BE67B82F5C4794B41CEE5B498D319E', '电子科技大学', '电子科技大学', '教务处', '1', '1', '刘晋州', '1539615745830', '2018-10-15 22:46:29', null);
INSERT INTO `t_dispensepro` VALUES ('DA859AFA8DD54F6DA1AB109942EF81CE', '6700F258E3144DB0AF992442EAD679E9', '603AAE773E72434D874593FD21C25ABD', '第四届互联网+大赛联系人信息', '3652D3AFB7AF48E5A3E2500880C57D8E', '四川传媒学院', '四川传媒学院', '教务处', '1', '1', '刘晋州', '1539615745830', '2018-10-15 22:46:29', null);
INSERT INTO `t_dispensepro` VALUES ('DB69A05DFC63413A89287188353F8ADA', '6700F258E3144DB0AF992442EAD679E9', 'D46141DF349E48A8AF99E178069EF5D7', '2018年省级竞赛申报项目及联系人信息', 'FB95AC6FE01740A3BA19B22F71345DBE', '广安职业技术学院', '广安职业技术学院', '教务处', '1', '1', '刘晋州', '1539708536603', '2018-10-17 00:34:17', null);
INSERT INTO `t_dispensepro` VALUES ('DC7715D340074E58A3DC13D7580BFE3C', '6700F258E3144DB0AF992442EAD679E9', 'D46141DF349E48A8AF99E178069EF5D7', '2018年省级竞赛申报项目及联系人信息', '21E56729DE104CE89AC57475009D2817', '电子科技大学成都学院', '电子科技大学成都学院', '教务处', '1', '1', '刘晋州', '1539708536603', '2018-10-17 00:34:17', null);
INSERT INTO `t_dispensepro` VALUES ('DF51D62762824C078490340A108B1132', '6700F258E3144DB0AF992442EAD679E9', '603AAE773E72434D874593FD21C25ABD', '第四届互联网+大赛联系人信息', '19BC6BE4F44F4FC18C06DB211AA754CB', '西南交通大学', '西南交通大学', '教务处', '1', '1', '刘晋州', '1539615745830', '2018-10-15 22:46:29', null);
INSERT INTO `t_dispensepro` VALUES ('E1557653F1C840A581DB5F35BCE05A02', '6700F258E3144DB0AF992442EAD679E9', 'D46141DF349E48A8AF99E178069EF5D7', '2018年省级竞赛申报项目及联系人信息', '21EFA41D21144C51BDE881909A654DF4', '成都理工大学', '成都理工大学', '教务处', '1', '1', '刘晋州', '1539708536603', '2018-10-17 00:34:17', null);
INSERT INTO `t_dispensepro` VALUES ('E2682854DC404A84BE76DBFB539B6475', '6700F258E3144DB0AF992442EAD679E9', '603AAE773E72434D874593FD21C25ABD', '第四届互联网+大赛联系人信息', 'CDAAEBF5C17F43C39B63F2EB9AF19598', '成都学院', '成都学院', '教务处', '1', '1', '刘晋州', '1539615745830', '2018-10-15 22:46:29', null);
INSERT INTO `t_dispensepro` VALUES ('E343E351E3AC43A9A51266EE6B497942', '6700F258E3144DB0AF992442EAD679E9', '603AAE773E72434D874593FD21C25ABD', '第四届互联网+大赛联系人信息', '14C6E954E1B442E18B06DEEF235192D8', '四川农业大学', '四川农业大学', '教务处', '1', '1', '刘晋州', '1539615745830', '2018-10-15 22:46:29', null);
INSERT INTO `t_dispensepro` VALUES ('E369144920DC45908C36616DB17B55A0', '6700F258E3144DB0AF992442EAD679E9', '603AAE773E72434D874593FD21C25ABD', '第四届互联网+大赛联系人信息', '21EFA41D21144C51BDE881909A654DF4', '成都理工大学', '成都理工大学', '教务处', '1', '1', '刘晋州', '1539615745830', '2018-10-15 22:46:29', null);
INSERT INTO `t_dispensepro` VALUES ('E5F9DAB5360747D6A405F7A5C5E0A878', '6700F258E3144DB0AF992442EAD679E9', '603AAE773E72434D874593FD21C25ABD', '第四届互联网+大赛联系人信息', '6A3CFB61889343789BD1595CE68DCCEB', '成都文理学院', '成都文理学院', '教务处', '1', '1', '刘晋州', '1539615745830', '2018-10-15 22:46:29', null);
INSERT INTO `t_dispensepro` VALUES ('E676DBEE93D6447E9A47B3587316B180', '6700F258E3144DB0AF992442EAD679E9', 'D46141DF349E48A8AF99E178069EF5D7', '2018年省级竞赛申报项目及联系人信息', 'BCAE64F4D9494857A416D4305BE81CAB', '成都艺术职业学院', '成都艺术职业学院', '教务处', '1', '1', '刘晋州', '1539708536603', '2018-10-17 00:34:17', null);
INSERT INTO `t_dispensepro` VALUES ('E75A5B2EF2C54D4591C4080D36774768', '6700F258E3144DB0AF992442EAD679E9', 'D46141DF349E48A8AF99E178069EF5D7', '2018年省级竞赛申报项目及联系人信息', '29096672BDB740FAA1AE7BBA57A12A94', '四川文化传媒职业学院', '四川文化传媒职业学院', '教务处', '1', '1', '刘晋州', '1539708536603', '2018-10-17 00:34:17', null);
INSERT INTO `t_dispensepro` VALUES ('E81D2FDCE18942C8BD394AADAD262567', '6700F258E3144DB0AF992442EAD679E9', '603AAE773E72434D874593FD21C25ABD', '第四届互联网+大赛联系人信息', 'FB62962D8E8141B7A166D5B6F2D8430C', '四川文轩职业学院', '四川文轩职业学院', '教务处', '1', '1', '刘晋州', '1539615745830', '2018-10-15 22:46:29', null);
INSERT INTO `t_dispensepro` VALUES ('EAC6ABE0ACCE4B2482D94F863319C426', '6700F258E3144DB0AF992442EAD679E9', 'D46141DF349E48A8AF99E178069EF5D7', '2018年省级竞赛申报项目及联系人信息', '8190E72771734D58BB24CFA991922F5A', '川北医学院', '川北医学院', '教务处', '1', '1', '刘晋州', '1539708536603', '2018-10-17 00:34:17', null);
INSERT INTO `t_dispensepro` VALUES ('EC0F0C819E94459ABF878C9C89A32E8F', '6700F258E3144DB0AF992442EAD679E9', 'D46141DF349E48A8AF99E178069EF5D7', '2018年省级竞赛申报项目及联系人信息', '5F3F277B4BF44495A05C168D0BB70302', '四川大学', '四川大学', '教务处', '1', '1', '刘晋州', '1539708536603', '2018-10-17 00:34:17', null);
INSERT INTO `t_dispensepro` VALUES ('EDA87CB8CA274DE988E4BF3D5D6D203F', '6700F258E3144DB0AF992442EAD679E9', '603AAE773E72434D874593FD21C25ABD', '第四届互联网+大赛联系人信息', '5A0F586A7B5044DCA65E79586CD3AE98', '四川建筑职业技术学院', '四川建筑职业技术学院', '教务处', '1', '1', '刘晋州', '1539615745830', '2018-10-15 22:46:29', null);
INSERT INTO `t_dispensepro` VALUES ('F04435F79BAE4058A3DB9428E2B709B8', '6700F258E3144DB0AF992442EAD679E9', 'D46141DF349E48A8AF99E178069EF5D7', '2018年省级竞赛申报项目及联系人信息', 'D8588CF2316F486FA647BD0CA82C12EB', '成都纺织高等专科学校', '成都纺织高等专科学校', '教务处', '1', '1', '刘晋州', '1539708536603', '2018-10-17 00:34:17', null);
INSERT INTO `t_dispensepro` VALUES ('F0C068F9D4C64AAF915D5D0CCDDFB24F', '6700F258E3144DB0AF992442EAD679E9', 'D46141DF349E48A8AF99E178069EF5D7', '2018年省级竞赛申报项目及联系人信息', '6134B211491F4509B5E0641C739F1266', '四川现代职业学院', '四川现代职业学院', '教务处', '1', '1', '刘晋州', '1539708536603', '2018-10-17 00:34:17', null);
INSERT INTO `t_dispensepro` VALUES ('F1F6982DD66C4640A719CB2EEA4686E5', '6700F258E3144DB0AF992442EAD679E9', 'D46141DF349E48A8AF99E178069EF5D7', '2018年省级竞赛申报项目及联系人信息', 'D0A4E0DEBDB04B4999B83E8F9FA6FC0C', '西南财经大学天府学院', '西南财经大学天府学院', '教务处', '1', '1', '刘晋州', '1539708536603', '2018-10-17 00:34:17', null);
INSERT INTO `t_dispensepro` VALUES ('F26C4DD287CF41FFB6A66817B1E8FE77', '6700F258E3144DB0AF992442EAD679E9', '603AAE773E72434D874593FD21C25ABD', '第四届互联网+大赛联系人信息', 'ABDE34C0E48A488A8D787F1F100C4146', '成都信息工程大学银杏酒店管理学院', '成都信息工程大学银杏酒店管理学院', '教务处', '1', '1', '刘晋州', '1539615745830', '2018-10-15 22:46:29', null);
INSERT INTO `t_dispensepro` VALUES ('F3DD2B8027C04137A81AE8590359173F', '6700F258E3144DB0AF992442EAD679E9', 'D46141DF349E48A8AF99E178069EF5D7', '2018年省级竞赛申报项目及联系人信息', '4F322CBBCE3E454A8160FC9FD7A11CD3', '达州职业技术学院', '达州职业技术学院', '教务处', '1', '1', '刘晋州', '1539708536603', '2018-10-17 00:34:17', null);
INSERT INTO `t_dispensepro` VALUES ('F579D33E73044FDBAFAE44492552787C', '6700F258E3144DB0AF992442EAD679E9', '603AAE773E72434D874593FD21C25ABD', '第四届互联网+大赛联系人信息', 'CF74974C8FDE4B5AA951A7EB9CB8B390', '德阳城市轨道交通职业学院', '德阳城市轨道交通职业学院', '教务处', '1', '1', '刘晋州', '1539615745830', '2018-10-15 22:46:29', null);
INSERT INTO `t_dispensepro` VALUES ('F6D41699A54740E9AAFA5AF3C58ABE49', '6700F258E3144DB0AF992442EAD679E9', 'D46141DF349E48A8AF99E178069EF5D7', '2018年省级竞赛申报项目及联系人信息', '9E97AFD881964AEA8EFB7D17AD00A627', '四川水利职业技术学院', '四川水利职业技术学院', '教务处', '1', '1', '刘晋州', '1539708536603', '2018-10-17 00:34:17', null);
INSERT INTO `t_dispensepro` VALUES ('F6D8EB8455B446D1985D97EC0237A428', '6700F258E3144DB0AF992442EAD679E9', '603AAE773E72434D874593FD21C25ABD', '第四届互联网+大赛联系人信息', 'E405E83C268C4564880FCCC5346E1BF2', '阿坝职业学院', '阿坝职业学院', '教务处', '1', '1', '刘晋州', '1539615745830', '2018-10-15 22:46:29', null);
INSERT INTO `t_dispensepro` VALUES ('F82733541AAB4259AC0A1383F054BCB3', '6700F258E3144DB0AF992442EAD679E9', 'D46141DF349E48A8AF99E178069EF5D7', '2018年省级竞赛申报项目及联系人信息', '09D535B05FBA4070A891575D4EC68827', '民办四川天一学院', '民办四川天一学院', '教务处', '1', '1', '刘晋州', '1539708536603', '2018-10-17 00:34:17', null);
INSERT INTO `t_dispensepro` VALUES ('F856BDE93D31468C8340AF7F06C75974', '6700F258E3144DB0AF992442EAD679E9', 'D46141DF349E48A8AF99E178069EF5D7', '2018年省级竞赛申报项目及联系人信息', 'C7F1CCBAC15F4AFC81D0BF4ABFFE5D56', '乐山职业技术学院', '乐山职业技术学院', '教务处', '1', '1', '刘晋州', '1539708536603', '2018-10-17 00:34:17', null);
INSERT INTO `t_dispensepro` VALUES ('FDB06053DF4B4569B9B6C3D80883D393', '6700F258E3144DB0AF992442EAD679E9', '603AAE773E72434D874593FD21C25ABD', '第四届互联网+大赛联系人信息', '26D9014C5A96435B8C83760A8D1CE848', '四川工业科技学院', '四川工业科技学院', '教务处', '1', '1', '刘晋州', '1539615745830', '2018-10-15 22:46:29', null);
INSERT INTO `t_dispensepro` VALUES ('FE00F169962E4758BC3F8EF70A66B1D3', '6700F258E3144DB0AF992442EAD679E9', 'D46141DF349E48A8AF99E178069EF5D7', '2018年省级竞赛申报项目及联系人信息', '4F82562FE7E948F09AE9729A36F56D3F', '宜宾职业技术学院', '宜宾职业技术学院', '教务处', '1', '1', '刘晋州', '1539708536603', '2018-10-17 00:34:17', null);
INSERT INTO `t_dispensepro` VALUES ('FF3349650B3445059101AC92C0A20589', '6700F258E3144DB0AF992442EAD679E9', 'D46141DF349E48A8AF99E178069EF5D7', '2018年省级竞赛申报项目及联系人信息', '9F2062228126455DA627E8973B9E9BB9', '四川工程职业技术学院', '四川工程职业技术学院', '教务处', '1', '1', '刘晋州', '1539708536603', '2018-10-17 00:34:17', null);

-- ----------------------------
-- Table structure for t_edu
-- ----------------------------
DROP TABLE IF EXISTS `t_edu`;
CREATE TABLE `t_edu` (
  `eid` char(32) COLLATE utf8_bin NOT NULL,
  `eaccount` char(20) COLLATE utf8_bin DEFAULT NULL,
  `epswd` char(32) COLLATE utf8_bin DEFAULT NULL,
  `erole` int(3) DEFAULT NULL,
  `ename` varchar(10) COLLATE utf8_bin DEFAULT NULL,
  `edepartment` varchar(20) COLLATE utf8_bin DEFAULT NULL,
  `ephone` char(15) COLLATE utf8_bin DEFAULT NULL,
  `eemail` char(20) COLLATE utf8_bin DEFAULT NULL,
  PRIMARY KEY (`eid`)
) ENGINE=InnoDB DEFAULT CHARSET=utf8 COLLATE=utf8_bin;

-- ----------------------------
-- Records of t_edu
-- ----------------------------
INSERT INTO `t_edu` VALUES ('6700F258E3144DB0AF992442EAD679E9', 'liujinzhou', '670B14728AD9902AECBA32E22FA4F6BD', '1', '刘晋州', '高等教育处', '13908180676', 'liujinzhou@qq.com');

-- ----------------------------
-- Table structure for t_pro
-- ----------------------------
DROP TABLE IF EXISTS `t_pro`;
CREATE TABLE `t_pro` (
  `pid` char(32) COLLATE utf8_bin NOT NULL,
  `pname` varchar(30) COLLATE utf8_bin DEFAULT NULL,
  `palias` char(10) COLLATE utf8_bin DEFAULT NULL,
  `peid` char(32) COLLATE utf8_bin DEFAULT NULL,
  `pename` varchar(10) COLLATE utf8_bin DEFAULT NULL,
  `pstate` int(3) DEFAULT NULL,
  `purl` char(20) COLLATE utf8_bin DEFAULT NULL,
  `pdate` datetime DEFAULT NULL,
  PRIMARY KEY (`pid`)
) ENGINE=InnoDB DEFAULT CHARSET=utf8 COLLATE=utf8_bin;

-- ----------------------------
-- Records of t_pro
-- ----------------------------
INSERT INTO `t_pro` VALUES ('603AAE773E72434D874593FD21C25ABD', '第四届互联网+大赛联系人信息', 'hlwlxr', '6700F258E3144DB0AF992442EAD679E9', '刘晋州', '3', '1539615745830', '2018-10-15 22:46:29');
INSERT INTO `t_pro` VALUES ('D46141DF349E48A8AF99E178069EF5D7', '2018年省级竞赛申报项目及联系人信息', 'contest18', '6700F258E3144DB0AF992442EAD679E9', '刘晋州', '2', '1539708536603', '2018-10-17 00:34:17');

-- ----------------------------
-- Table structure for t_sch
-- ----------------------------
DROP TABLE IF EXISTS `t_sch`;
CREATE TABLE `t_sch` (
  `sid` char(32) COLLATE utf8_bin NOT NULL,
  `saccount` char(20) COLLATE utf8_bin DEFAULT NULL,
  `spswd` char(32) COLLATE utf8_bin DEFAULT NULL,
  `scid` char(32) COLLATE utf8_bin DEFAULT NULL,
  `srole` int(3) DEFAULT NULL,
  `sname` varchar(20) COLLATE utf8_bin DEFAULT NULL,
  `sdepartment` varchar(20) COLLATE utf8_bin DEFAULT NULL,
  `suname` varchar(20) COLLATE utf8_bin DEFAULT NULL,
  `sphone` char(15) COLLATE utf8_bin DEFAULT NULL,
  `semail` char(20) COLLATE utf8_bin DEFAULT NULL,
  PRIMARY KEY (`sid`)
) ENGINE=InnoDB DEFAULT CHARSET=utf8 COLLATE=utf8_bin;

-- ----------------------------
-- Records of t_sch
-- ----------------------------
INSERT INTO `t_sch` VALUES ('031ABFDFC2E5492EA81979341F8CDFA2', '12635', '670B14728AD9902AECBA32E22FA4F6BD', '6700F258E3144DB0AF992442EAD679E9', '2', '成都职业技术学院', '教务处', '成都职业技术学院', '123', '123@qq.com');
INSERT INTO `t_sch` VALUES ('07697778507B4ED7B22867073512BEA5', '14262', '670B14728AD9902AECBA32E22FA4F6BD', '6700F258E3144DB0AF992442EAD679E9', '2', '西南交通大学希望学院', '教务处', '西南交通大学希望学院', '123', '123@qq.com');
INSERT INTO `t_sch` VALUES ('09D535B05FBA4070A891575D4EC68827', '11841', '670B14728AD9902AECBA32E22FA4F6BD', '6700F258E3144DB0AF992442EAD679E9', '2', '民办四川天一学院', '教务处', '民办四川天一学院', '123', '123@qq.com');
INSERT INTO `t_sch` VALUES ('0C524D1A572E4E99B76EA914FDA83989', '12965', '670B14728AD9902AECBA32E22FA4F6BD', '6700F258E3144DB0AF992442EAD679E9', '2', '成都农业科技职业学院', '教务处', '成都农业科技职业学院', '123', '123@qq.com');
INSERT INTO `t_sch` VALUES ('0C6F94C266D74E8BAA5D8BF13B69362E', '14640', '670B14728AD9902AECBA32E22FA4F6BD', '6700F258E3144DB0AF992442EAD679E9', '2', '眉山药科职业学院', '教务处', '眉山药科职业学院', '123', '123@qq.com');
INSERT INTO `t_sch` VALUES ('0EC5BCB974A643228EFD3EEC2940E634', '13672', '670B14728AD9902AECBA32E22FA4F6BD', '6700F258E3144DB0AF992442EAD679E9', '2', '四川工商学院', '教务处', '四川工商学院', '123', '123@qq.com');
INSERT INTO `t_sch` VALUES ('14C6E954E1B442E18B06DEEF235192D8', '10626', '670B14728AD9902AECBA32E22FA4F6BD', '6700F258E3144DB0AF992442EAD679E9', '2', '四川农业大学', '教务处', '四川农业大学', '123', '123@qq.com');
INSERT INTO `t_sch` VALUES ('155C775B8462421A9B81F10A5E173E96', '14043', '670B14728AD9902AECBA32E22FA4F6BD', '6700F258E3144DB0AF992442EAD679E9', '2', '四川文化艺术学院', '教务处', '四川文化艺术学院', '123', '123@qq.com');
INSERT INTO `t_sch` VALUES ('16C15F9F466947798F9F1BA40C707A0E', '51351', '670B14728AD9902AECBA32E22FA4F6BD', '6700F258E3144DB0AF992442EAD679E9', '2', '四川体育职业学院', '教务处', '四川体育职业学院', '123', '123@qq.com');
INSERT INTO `t_sch` VALUES ('18E7D472F46741539DF269A44E3ADE5D', '14646', '670B14728AD9902AECBA32E22FA4F6BD', '6700F258E3144DB0AF992442EAD679E9', '2', '天府新区通用航空职业学院', '教务处', '天府新区通用航空职业学院', '123', '123@qq.com');
INSERT INTO `t_sch` VALUES ('191BE9429E6F472AA4385913C361BCBE', '10644', '670B14728AD9902AECBA32E22FA4F6BD', '6700F258E3144DB0AF992442EAD679E9', '2', '四川文理学院', '教务处', '四川文理学院', '123', '123@qq.com');
INSERT INTO `t_sch` VALUES ('19BC6BE4F44F4FC18C06DB211AA754CB', '10613', '670B14728AD9902AECBA32E22FA4F6BD', '6700F258E3144DB0AF992442EAD679E9', '1', '西南交通大学', '教务处', '西南交通大学', '123', '123@qq.com');
INSERT INTO `t_sch` VALUES ('1A1E24687E51419E91EB7DD3739ED41B', '14643', '670B14728AD9902AECBA32E22FA4F6BD', '6700F258E3144DB0AF992442EAD679E9', '2', '德阳科贸职业学院', '教务处', '德阳科贸职业学院', '123', '123@qq.com');
INSERT INTO `t_sch` VALUES ('1F8AA64018E844779E64E4D164240760', '14629', '670B14728AD9902AECBA32E22FA4F6BD', '6700F258E3144DB0AF992442EAD679E9', '2', '西昌民族幼儿师范高等专科学校', '教务处', '西昌民族幼儿师范高等专科学校', '123', '123@qq.com');
INSERT INTO `t_sch` VALUES ('1FFE11047B0341D79D6DA5C1AE2182D6', '12963', '670B14728AD9902AECBA32E22FA4F6BD', '6700F258E3144DB0AF992442EAD679E9', '2', '四川托普信息技术职业学院', '教务处', '四川托普信息技术职业学院', '123', '123@qq.com');
INSERT INTO `t_sch` VALUES ('21E56729DE104CE89AC57475009D2817', '13665', '670B14728AD9902AECBA32E22FA4F6BD', '6700F258E3144DB0AF992442EAD679E9', '2', '电子科技大学成都学院', '教务处', '电子科技大学成都学院', '123', '123@qq.com');
INSERT INTO `t_sch` VALUES ('21EFA41D21144C51BDE881909A654DF4', '10616', '670B14728AD9902AECBA32E22FA4F6BD', '6700F258E3144DB0AF992442EAD679E9', '2', '成都理工大学', '教务处', '成都理工大学', '123', '123@qq.com');
INSERT INTO `t_sch` VALUES ('223C9876AD0B41DD9BA7787FAB23F516', '12967', '670B14728AD9902AECBA32E22FA4F6BD', '6700F258E3144DB0AF992442EAD679E9', '2', '泸州职业技术学院', '教务处', '泸州职业技术学院', '123', '123@qq.com');
INSERT INTO `t_sch` VALUES ('25C976F2631F42CBAE41A4C6879B053F', '12636', '670B14728AD9902AECBA32E22FA4F6BD', '6700F258E3144DB0AF992442EAD679E9', '2', '成都东软学院', '教务处', '成都东软学院', '123', '123@qq.com');
INSERT INTO `t_sch` VALUES ('26D9014C5A96435B8C83760A8D1CE848', '13816', '670B14728AD9902AECBA32E22FA4F6BD', '6700F258E3144DB0AF992442EAD679E9', '2', '四川工业科技学院', '教务处', '四川工业科技学院', '123', '123@qq.com');
INSERT INTO `t_sch` VALUES ('26E4AFC49D324FE48124D8E431F90743', '12640', '670B14728AD9902AECBA32E22FA4F6BD', '6700F258E3144DB0AF992442EAD679E9', '2', '内江职业技术学院', '教务处', '内江职业技术学院', '123', '123@qq.com');
INSERT INTO `t_sch` VALUES ('28E92050F47A47CA825BFF3D132A575A', '14175', '670B14728AD9902AECBA32E22FA4F6BD', '6700F258E3144DB0AF992442EAD679E9', '2', '四川城市职业学院', '教务处', '四川城市职业学院', '123', '123@qq.com');
INSERT INTO `t_sch` VALUES ('29096672BDB740FAA1AE7BBA57A12A94', '14004', '670B14728AD9902AECBA32E22FA4F6BD', '6700F258E3144DB0AF992442EAD679E9', '2', '四川文化传媒职业学院', '教务处', '四川文化传媒职业学院', '123', '123@qq.com');
INSERT INTO `t_sch` VALUES ('2AE0106CC4BB49219597B06533DF62DB', '13815', '670B14728AD9902AECBA32E22FA4F6BD', '6700F258E3144DB0AF992442EAD679E9', '2', '四川信息职业技术学院', '教务处', '四川信息职业技术学院', '123', '123@qq.com');
INSERT INTO `t_sch` VALUES ('2CB8187A9B344336A6A407A35ECB3EDC', '14039', '670B14728AD9902AECBA32E22FA4F6BD', '6700F258E3144DB0AF992442EAD679E9', '2', '四川大学锦江学院', '教务处', '四川大学锦江学院', '123', '123@qq.com');
INSERT INTO `t_sch` VALUES ('2E76DDCC1DF14FE793FA123FE6C03333', '13705', '670B14728AD9902AECBA32E22FA4F6BD', '6700F258E3144DB0AF992442EAD679E9', '2', '成都医学院', '教务处', '成都医学院', '123', '123@qq.com');
INSERT INTO `t_sch` VALUES ('2EAFC1DA207B49DBBA0291DCEC9FFEBB', '14410', '670B14728AD9902AECBA32E22FA4F6BD', '6700F258E3144DB0AF992442EAD679E9', '2', '四川电影电视学院', '教务处', '四川电影电视学院', '123', '123@qq.com');
INSERT INTO `t_sch` VALUES ('31C0340E139E4613A1B81D9D247B12BC', '10622', '670B14728AD9902AECBA32E22FA4F6BD', '6700F258E3144DB0AF992442EAD679E9', '2', '四川理工学院', '教务处', '四川理工学院', '123', '123@qq.com');
INSERT INTO `t_sch` VALUES ('330D88C901B84EC4B61DECBC93C4F0EC', '12064', '670B14728AD9902AECBA32E22FA4F6BD', '6700F258E3144DB0AF992442EAD679E9', '2', '成都航空职业技术学院', '教务处', '成都航空职业技术学院', '123', '123@qq.com');
INSERT INTO `t_sch` VALUES ('3652D3AFB7AF48E5A3E2500880C57D8E', '13669', '670B14728AD9902AECBA32E22FA4F6BD', '6700F258E3144DB0AF992442EAD679E9', '2', '四川传媒学院', '教务处', '四川传媒学院', '123', '123@qq.com');
INSERT INTO `t_sch` VALUES ('3B35A5E09CF34587964BC9845D8AF430', '14644', '670B14728AD9902AECBA32E22FA4F6BD', '6700F258E3144DB0AF992442EAD679E9', '2', '江阳城建职业学院', '教务处', '江阳城建职业学院', '123', '123@qq.com');
INSERT INTO `t_sch` VALUES ('3D1B842FE6D546418DF2350364D702C8', '10640', '670B14728AD9902AECBA32E22FA4F6BD', '6700F258E3144DB0AF992442EAD679E9', '2', '内江师范学院', '教务处', '内江师范学院', '123', '123@qq.com');
INSERT INTO `t_sch` VALUES ('3DB37B147FB74C2B93B3448815D2E564', '12751', '670B14728AD9902AECBA32E22FA4F6BD', '6700F258E3144DB0AF992442EAD679E9', '2', '四川机电职业技术学院', '教务处', '四川机电职业技术学院', '123', '123@qq.com');
INSERT INTO `t_sch` VALUES ('3E088AAB0BBA43E6974CC9428BB1DF8F', '14485', '670B14728AD9902AECBA32E22FA4F6BD', '6700F258E3144DB0AF992442EAD679E9', '2', '四川电子机械职业技术学院', '教务处', '四川电子机械职业技术学院', '123', '123@qq.com');
INSERT INTO `t_sch` VALUES ('40296B1706B4401A9AC05F56CD2DE410', '12637', '670B14728AD9902AECBA32E22FA4F6BD', '6700F258E3144DB0AF992442EAD679E9', '2', '四川化工职业技术学院', '教务处', '四川化工职业技术学院', '123', '123@qq.com');
INSERT INTO `t_sch` VALUES ('434D03744E7D46EBBEF92147ABD11A88', '11552', '670B14728AD9902AECBA32E22FA4F6BD', '6700F258E3144DB0AF992442EAD679E9', '2', '四川旅游学院', '教务处', '四川旅游学院', '123', '123@qq.com');
INSERT INTO `t_sch` VALUES ('475FCF205A194C11AC30BD36BD8DDFBF', '14484', '670B14728AD9902AECBA32E22FA4F6BD', '6700F258E3144DB0AF992442EAD679E9', '2', '四川希望汽车职业学院', '教务处', '四川希望汽车职业学院', '123', '123@qq.com');
INSERT INTO `t_sch` VALUES ('48E1EC2E4A254FAF9F2CA9F26634C8DE', '10653', '670B14728AD9902AECBA32E22FA4F6BD', '6700F258E3144DB0AF992442EAD679E9', '2', '成都体育学院', '教务处', '成都体育学院', '123', '123@qq.com');
INSERT INTO `t_sch` VALUES ('4975F33C0F964AFFAFC6F566EE7E9684', '12065', '670B14728AD9902AECBA32E22FA4F6BD', '6700F258E3144DB0AF992442EAD679E9', '2', '四川电力职业技术学院', '教务处', '四川电力职业技术学院', '123', '123@qq.com');
INSERT INTO `t_sch` VALUES ('4DDFE6E95E4A4327A2BFB458ED1AAFCE', '13813', '670B14728AD9902AECBA32E22FA4F6BD', '6700F258E3144DB0AF992442EAD679E9', '2', '四川司法警官职业学院', '教务处', '四川司法警官职业学院', '123', '123@qq.com');
INSERT INTO `t_sch` VALUES ('4F322CBBCE3E454A8160FC9FD7A11CD3', '12767', '670B14728AD9902AECBA32E22FA4F6BD', '6700F258E3144DB0AF992442EAD679E9', '2', '达州职业技术学院', '教务处', '达州职业技术学院', '123', '123@qq.com');
INSERT INTO `t_sch` VALUES ('4F82562FE7E948F09AE9729A36F56D3F', '12966', '670B14728AD9902AECBA32E22FA4F6BD', '6700F258E3144DB0AF992442EAD679E9', '2', '宜宾职业技术学院', '教务处', '宜宾职业技术学院', '123', '123@qq.com');
INSERT INTO `t_sch` VALUES ('50799C13993647C6B8A47E2E95382255', '14411', '670B14728AD9902AECBA32E22FA4F6BD', '6700F258E3144DB0AF992442EAD679E9', '2', '四川汽车职业技术学院', '教务处', '四川汽车职业技术学院', '123', '123@qq.com');
INSERT INTO `t_sch` VALUES ('53C5135D04374AFC8FE985493EE27C51', '10654', '670B14728AD9902AECBA32E22FA4F6BD', '6700F258E3144DB0AF992442EAD679E9', '2', '四川音乐学院', '教务处', '四川音乐学院', '123', '123@qq.com');
INSERT INTO `t_sch` VALUES ('5533DB634FE7435DB5AD6AD58B96698A', '14386', '670B14728AD9902AECBA32E22FA4F6BD', '6700F258E3144DB0AF992442EAD679E9', '2', '四川三河职业学院', '教务处', '四川三河职业学院', '123', '123@qq.com');
INSERT INTO `t_sch` VALUES ('58F92F7F16F04DE7A6C58D8C30048F27', '10638', '670B14728AD9902AECBA32E22FA4F6BD', '6700F258E3144DB0AF992442EAD679E9', '2', '西华师范大学', '教务处', '西华师范大学', '123', '123@qq.com');
INSERT INTO `t_sch` VALUES ('5A0F586A7B5044DCA65E79586CD3AE98', '12764', '670B14728AD9902AECBA32E22FA4F6BD', '6700F258E3144DB0AF992442EAD679E9', '2', '四川建筑职业技术学院', '教务处', '四川建筑职业技术学院', '123', '123@qq.com');
INSERT INTO `t_sch` VALUES ('5C4DEE433F1E4CC5A6B25493824A2E25', '14006', '670B14728AD9902AECBA32E22FA4F6BD', '6700F258E3144DB0AF992442EAD679E9', '2', '四川管理职业学院', '教务处', '四川管理职业学院', '123', '123@qq.com');
INSERT INTO `t_sch` VALUES ('5F3F277B4BF44495A05C168D0BB70302', '10610', '670B14728AD9902AECBA32E22FA4F6BD', '6700F258E3144DB0AF992442EAD679E9', '1', '四川大学', '教务处', '四川大学', '123', '123@qq.com');
INSERT INTO `t_sch` VALUES ('5F92ED72314847CBBE83E60634F76523', '14389', '670B14728AD9902AECBA32E22FA4F6BD', '6700F258E3144DB0AF992442EAD679E9', '2', '成都师范学院', '教务处', '成都师范学院', '123', '123@qq.com');
INSERT INTO `t_sch` VALUES ('6134B211491F4509B5E0641C739F1266', '14176', '670B14728AD9902AECBA32E22FA4F6BD', '6700F258E3144DB0AF992442EAD679E9', '2', '四川现代职业学院', '教务处', '四川现代职业学院', '123', '123@qq.com');
INSERT INTO `t_sch` VALUES ('6A3CFB61889343789BD1595CE68DCCEB', '13671', '670B14728AD9902AECBA32E22FA4F6BD', '6700F258E3144DB0AF992442EAD679E9', '2', '成都文理学院', '教务处', '成都文理学院', '123', '123@qq.com');
INSERT INTO `t_sch` VALUES ('78E2E892541F4538BE100CF3EB9F947D', '10619', '670B14728AD9902AECBA32E22FA4F6BD', '6700F258E3144DB0AF992442EAD679E9', '2', '西南科技大学', '教务处', '西南科技大学', '123', '123@qq.com');
INSERT INTO `t_sch` VALUES ('7D0B90EE5150423F811FEBF47EA30D00', '14010', '670B14728AD9902AECBA32E22FA4F6BD', '6700F258E3144DB0AF992442EAD679E9', '2', '四川中医药高等专科学校', '教务处', '四川中医药高等专科学校', '123', '123@qq.com');
INSERT INTO `t_sch` VALUES ('8116D6413B194C70ABE6C15FB889E40A', '10646', '670B14728AD9902AECBA32E22FA4F6BD', '6700F258E3144DB0AF992442EAD679E9', '2', '阿坝师范学院', '教务处', '阿坝师范学院', '123', '123@qq.com');
INSERT INTO `t_sch` VALUES ('8190E72771734D58BB24CFA991922F5A', '10634', '670B14728AD9902AECBA32E22FA4F6BD', '6700F258E3144DB0AF992442EAD679E9', '2', '川北医学院', '教务处', '川北医学院', '123', '123@qq.com');
INSERT INTO `t_sch` VALUES ('87680A18652F4459AD65F245826B7B5A', '14547', '670B14728AD9902AECBA32E22FA4F6BD', '6700F258E3144DB0AF992442EAD679E9', '2', '成都工贸职业技术学院', '教务处', '成都工贸职业技术学院', '123', '123@qq.com');
INSERT INTO `t_sch` VALUES ('88EE0663F40E40AFADC64B735B1ADD12', '12641', '670B14728AD9902AECBA32E22FA4F6BD', '6700F258E3144DB0AF992442EAD679E9', '2', '四川航天职业技术学院', '教务处', '四川航天职业技术学院', '123', '123@qq.com');
INSERT INTO `t_sch` VALUES ('8CA4E5A6ACAB4626AE543378F6FDC2D2', '14645', '670B14728AD9902AECBA32E22FA4F6BD', '6700F258E3144DB0AF992442EAD679E9', '2', '天府新区航空旅游职业学院', '教务处', '天府新区航空旅游职业学院', '123', '123@qq.com');
INSERT INTO `t_sch` VALUES ('8DD5A360A74C4FB8B378AA442833DAE8', '14641', '670B14728AD9902AECBA32E22FA4F6BD', '6700F258E3144DB0AF992442EAD679E9', '2', '天府新区信息职业学院', '教务处', '天府新区信息职业学院', '123', '123@qq.com');
INSERT INTO `t_sch` VALUES ('8FA9BDF9C80A4051B6751D8201F2A26B', '14086', '670B14728AD9902AECBA32E22FA4F6BD', '6700F258E3144DB0AF992442EAD679E9', '2', '四川文化产业职业学院', '教务处', '四川文化产业职业学院', '123', '123@qq.com');
INSERT INTO `t_sch` VALUES ('910FF0FEDAD6456D90331050825502E2', '14393', '670B14728AD9902AECBA32E22FA4F6BD', '6700F258E3144DB0AF992442EAD679E9', '2', '川北幼儿师范高等专科学校', '教务处', '川北幼儿师范高等专科学校', '123', '123@qq.com');
INSERT INTO `t_sch` VALUES ('91227BB52CF3403BA863A5B9F99A14E7', '13668', '670B14728AD9902AECBA32E22FA4F6BD', '6700F258E3144DB0AF992442EAD679E9', '2', '成都理工大学工程技术学院', '教务处', '成都理工大学工程技术学院', '123', '123@qq.com');
INSERT INTO `t_sch` VALUES ('9440E9768EDA4D4B9ACFF1A15A154B29', '14091', '670B14728AD9902AECBA32E22FA4F6BD', '6700F258E3144DB0AF992442EAD679E9', '2', '四川财经职业学院', '教务处', '四川财经职业学院', '123', '123@qq.com');
INSERT INTO `t_sch` VALUES ('9493F754FA3B4383B0D20087F5B032BB', '11661', '670B14728AD9902AECBA32E22FA4F6BD', '6700F258E3144DB0AF992442EAD679E9', '2', '四川民族学院', '教务处', '四川民族学院', '123', '123@qq.com');
INSERT INTO `t_sch` VALUES ('9945E7D041EC4FAC94604B6CB47E6152', '10636', '670B14728AD9902AECBA32E22FA4F6BD', '6700F258E3144DB0AF992442EAD679E9', '2', '四川师范大学', '教务处', '四川师范大学', '123', '123@qq.com');
INSERT INTO `t_sch` VALUES ('9BD81AB8882946158AE061429B9AF891', '14221', '670B14728AD9902AECBA32E22FA4F6BD', '6700F258E3144DB0AF992442EAD679E9', '2', '四川幼儿师范高等专科学校', '教务处', '四川幼儿师范高等专科学校', '123', '123@qq.com');
INSERT INTO `t_sch` VALUES ('9CF8B790CE25484A9470DE677D96A0B9', '10641', '670B14728AD9902AECBA32E22FA4F6BD', '6700F258E3144DB0AF992442EAD679E9', '2', '宜宾学院', '教务处', '宜宾学院', '123', '123@qq.com');
INSERT INTO `t_sch` VALUES ('9D631CDCBC2449A48E63FFF05CCAB4FD', '14513', '670B14728AD9902AECBA32E22FA4F6BD', '6700F258E3144DB0AF992442EAD679E9', '2', '四川护理职业学院', '教务处', '四川护理职业学院', '123', '123@qq.com');
INSERT INTO `t_sch` VALUES ('9E97AFD881964AEA8EFB7D17AD00A627', '12638', '670B14728AD9902AECBA32E22FA4F6BD', '6700F258E3144DB0AF992442EAD679E9', '2', '四川水利职业技术学院', '教务处', '四川水利职业技术学院', '123', '123@qq.com');
INSERT INTO `t_sch` VALUES ('9F2062228126455DA627E8973B9E9BB9', '12763', '670B14728AD9902AECBA32E22FA4F6BD', '6700F258E3144DB0AF992442EAD679E9', '2', '四川工程职业技术学院', '教务处', '四川工程职业技术学院', '123', '123@qq.com');
INSERT INTO `t_sch` VALUES ('A4BF08468B3C4A6DB578AFC9F51A05D3', '14005', '670B14728AD9902AECBA32E22FA4F6BD', '6700F258E3144DB0AF992442EAD679E9', '2', '四川华新现代职业学院', '教务处', '四川华新现代职业学院', '123', '123@qq.com');
INSERT INTO `t_sch` VALUES ('A687B8C7F0784E2A887943A830442D21', '10656', '670B14728AD9902AECBA32E22FA4F6BD', '6700F258E3144DB0AF992442EAD679E9', '1', '西南民族大学', '教务处', '西南民族大学', '123', '123@qq.com');
INSERT INTO `t_sch` VALUES ('A727A7CFF70B444EA96C55927C44CE00', '12642', '670B14728AD9902AECBA32E22FA4F6BD', '6700F258E3144DB0AF992442EAD679E9', '2', '四川邮电职业技术学院', '教务处', '四川邮电职业技术学院', '123', '123@qq.com');
INSERT INTO `t_sch` VALUES ('A81374553DD64D90AD454BAB8FBFF132', '10633', '670B14728AD9902AECBA32E22FA4F6BD', '6700F258E3144DB0AF992442EAD679E9', '2', '成都中医药大学', '教务处', '成都中医药大学', '123', '123@qq.com');
INSERT INTO `t_sch` VALUES ('ABDE34C0E48A488A8D787F1F100C4146', '13670', '670B14728AD9902AECBA32E22FA4F6BD', '6700F258E3144DB0AF992442EAD679E9', '2', '成都信息工程大学银杏酒店管理学院', '教务处', '成都信息工程大学银杏酒店管理学院', '123', '123@qq.com');
INSERT INTO `t_sch` VALUES ('AC14A8FB22DB4944BD8B85E4EEFD9F82', '14483', '670B14728AD9902AECBA32E22FA4F6BD', '6700F258E3144DB0AF992442EAD679E9', '2', '巴中职业技术学院', '教务处', '巴中职业技术学院', '123', '123@qq.com');
INSERT INTO `t_sch` VALUES ('AD4D3CF8F46B4EB98888D15DB5DD6FA9', '10623', '670B14728AD9902AECBA32E22FA4F6BD', '6700F258E3144DB0AF992442EAD679E9', '2', '西华大学', '教务处', '西华大学', '123', '123@qq.com');
INSERT INTO `t_sch` VALUES ('AFCAA1FA2CFF47098A121DEC435C9F6E', '14409', '670B14728AD9902AECBA32E22FA4F6BD', '6700F258E3144DB0AF992442EAD679E9', '2', '四川卫生康复职业学院', '教务处', '四川卫生康复职业学院', '123', '123@qq.com');
INSERT INTO `t_sch` VALUES ('B17892CBA6754FF3A9B879F2D765447D', '11360', '670B14728AD9902AECBA32E22FA4F6BD', '6700F258E3144DB0AF992442EAD679E9', '2', '攀枝花学院', '教务处', '攀枝花学院', '123', '123@qq.com');
INSERT INTO `t_sch` VALUES ('B49A4ED12D464EF7ADAE79CAD23D53F0', '13049', '670B14728AD9902AECBA32E22FA4F6BD', '6700F258E3144DB0AF992442EAD679E9', '2', '雅安职业技术学院', '教务处', '雅安职业技术学院', '123', '123@qq.com');
INSERT INTO `t_sch` VALUES ('B532F80A31554384BBF799CCCBB272E3', '12212', '670B14728AD9902AECBA32E22FA4F6BD', '6700F258E3144DB0AF992442EAD679E9', '2', '四川警察学院', '教务处', '四川警察学院', '123', '123@qq.com');
INSERT INTO `t_sch` VALUES ('BA581070D113474DBABC8D0283E051F4', '10624', '670B14728AD9902AECBA32E22FA4F6BD', '6700F258E3144DB0AF992442EAD679E9', '1', '中国民用航空飞行学院', '教务处', '中国民用航空飞行学院', '123', '123@qq.com');
INSERT INTO `t_sch` VALUES ('BCAE64F4D9494857A416D4305BE81CAB', '12969', '670B14728AD9902AECBA32E22FA4F6BD', '6700F258E3144DB0AF992442EAD679E9', '2', '成都艺术职业学院', '教务处', '成都艺术职业学院', '123', '123@qq.com');
INSERT INTO `t_sch` VALUES ('C58FA006F5C34A86A94B9489FBA45AE7', '12762', '670B14728AD9902AECBA32E22FA4F6BD', '6700F258E3144DB0AF992442EAD679E9', '2', '四川工商职业技术学院', '教务处', '四川工商职业技术学院', '123', '123@qq.com');
INSERT INTO `t_sch` VALUES ('C6548D1D77744725A23DD4FFE5BB37DE', '10621', '670B14728AD9902AECBA32E22FA4F6BD', '6700F258E3144DB0AF992442EAD679E9', '2', '成都信息工程大学', '教务处', '成都信息工程大学', '123', '123@qq.com');
INSERT INTO `t_sch` VALUES ('C7F1CCBAC15F4AFC81D0BF4ABFFE5D56', '13048', '670B14728AD9902AECBA32E22FA4F6BD', '6700F258E3144DB0AF992442EAD679E9', '2', '乐山职业技术学院', '教务处', '乐山职业技术学院', '123', '123@qq.com');
INSERT INTO `t_sch` VALUES ('CD0E9E052AA0470BA65E014DC4267DE5', '12761', '670B14728AD9902AECBA32E22FA4F6BD', '6700F258E3144DB0AF992442EAD679E9', '2', '四川交通职业技术学院', '教务处', '四川交通职业技术学院', '123', '123@qq.com');
INSERT INTO `t_sch` VALUES ('CDAAEBF5C17F43C39B63F2EB9AF19598', '11079', '670B14728AD9902AECBA32E22FA4F6BD', '6700F258E3144DB0AF992442EAD679E9', '2', '成都学院', '教务处', '成都学院', '123', '123@qq.com');
INSERT INTO `t_sch` VALUES ('CF74974C8FDE4B5AA951A7EB9CB8B390', '14642', '670B14728AD9902AECBA32E22FA4F6BD', '6700F258E3144DB0AF992442EAD679E9', '2', '德阳城市轨道交通职业学院', '教务处', '德阳城市轨道交通职业学院', '123', '123@qq.com');
INSERT INTO `t_sch` VALUES ('D0A4E0DEBDB04B4999B83E8F9FA6FC0C', '14037', '670B14728AD9902AECBA32E22FA4F6BD', '6700F258E3144DB0AF992442EAD679E9', '2', '西南财经大学天府学院', '教务处', '西南财经大学天府学院', '123', '123@qq.com');
INSERT INTO `t_sch` VALUES ('D2EECB2BF0AF4D98A9F8192FBFD44B9F', '13673', '670B14728AD9902AECBA32E22FA4F6BD', '6700F258E3144DB0AF992442EAD679E9', '2', '四川外国语大学成都学院', '教务处', '四川外国语大学成都学院', '123', '123@qq.com');
INSERT INTO `t_sch` VALUES ('D33087DF71A84E41A47A8C7CB5F5F9F8', '14323', '670B14728AD9902AECBA32E22FA4F6BD', '6700F258E3144DB0AF992442EAD679E9', '2', '四川长江职业学院', '教务处', '四川长江职业学院', '123', '123@qq.com');
INSERT INTO `t_sch` VALUES ('D35657A6ABDF4F749B9532E953A81031', '11116', '670B14728AD9902AECBA32E22FA4F6BD', '6700F258E3144DB0AF992442EAD679E9', '2', '成都工业学院', '教务处', '成都工业学院', '123', '123@qq.com');
INSERT INTO `t_sch` VALUES ('D8588CF2316F486FA647BD0CA82C12EB', '11553', '670B14728AD9902AECBA32E22FA4F6BD', '6700F258E3144DB0AF992442EAD679E9', '2', '成都纺织高等专科学校', '教务处', '成都纺织高等专科学校', '123', '123@qq.com');
INSERT INTO `t_sch` VALUES ('D9C549F16F5044DA960ACD9BB7C87304', '12639', '670B14728AD9902AECBA32E22FA4F6BD', '6700F258E3144DB0AF992442EAD679E9', '2', '南充职业技术学院', '教务处', '南充职业技术学院', '123', '123@qq.com');
INSERT INTO `t_sch` VALUES ('DD2DE0E9844D494BAC4300E670B25A49', '12968', '670B14728AD9902AECBA32E22FA4F6BD', '6700F258E3144DB0AF992442EAD679E9', '2', '眉山职业技术学院', '教务处', '眉山职业技术学院', '123', '123@qq.com');
INSERT INTO `t_sch` VALUES ('DF8C30487A69425C92CD94EC468ED755', '13812', '670B14728AD9902AECBA32E22FA4F6BD', '6700F258E3144DB0AF992442EAD679E9', '2', '四川商务职业学院', '教务处', '四川商务职业学院', '123', '123@qq.com');
INSERT INTO `t_sch` VALUES ('E3DB8DE389DA47EEB6D0ABCD49BF2065', '10628', '670B14728AD9902AECBA32E22FA4F6BD', '6700F258E3144DB0AF992442EAD679E9', '2', '西昌学院', '教务处', '西昌学院', '123', '123@qq.com');
INSERT INTO `t_sch` VALUES ('E405E83C268C4564880FCCC5346E1BF2', '14647', '670B14728AD9902AECBA32E22FA4F6BD', '6700F258E3144DB0AF992442EAD679E9', '2', '阿坝职业学院', '教务处', '阿坝职业学院', '123', '123@qq.com');
INSERT INTO `t_sch` VALUES ('E6ACD21AE60D4E48BC263233449016B7', '10651', '670B14728AD9902AECBA32E22FA4F6BD', '6700F258E3144DB0AF992442EAD679E9', '1', '西南财经大学', '教务处', '西南财经大学', '123', '123@qq.com');
INSERT INTO `t_sch` VALUES ('EA29A512AEBC4AE593B9EB7B02773AC5', '12753', '670B14728AD9902AECBA32E22FA4F6BD', '6700F258E3144DB0AF992442EAD679E9', '2', '绵阳职业技术学院', '教务处', '绵阳职业技术学院', '123', '123@qq.com');
INSERT INTO `t_sch` VALUES ('EDE13092F0934F70AAE208D8E672EB73', '14007', '670B14728AD9902AECBA32E22FA4F6BD', '6700F258E3144DB0AF992442EAD679E9', '2', '四川艺术职业学院', '教务处', '四川艺术职业学院', '123', '123@qq.com');
INSERT INTO `t_sch` VALUES ('EE908C0EB8954355A214C54656ED5570', '10615', '670B14728AD9902AECBA32E22FA4F6BD', '6700F258E3144DB0AF992442EAD679E9', '2', '西南石油大学', '教务处', '西南石油大学', '123', '123@qq.com');
INSERT INTO `t_sch` VALUES ('EEF263DE992043A69CD7A4B106070CBA', '14045', '670B14728AD9902AECBA32E22FA4F6BD', '6700F258E3144DB0AF992442EAD679E9', '2', '西南科技大学城市学院', '教务处', '西南科技大学城市学院', '123', '123@qq.com');
INSERT INTO `t_sch` VALUES ('F17ACB341149483797C4E130D8B109E6', '12964', '670B14728AD9902AECBA32E22FA4F6BD', '6700F258E3144DB0AF992442EAD679E9', '2', '四川国际标榜职业学院', '教务处', '四川国际标榜职业学院', '123', '123@qq.com');
INSERT INTO `t_sch` VALUES ('F2A4AB0FBF6146A4880D8D56AEA6CFA5', '14515', '670B14728AD9902AECBA32E22FA4F6BD', '6700F258E3144DB0AF992442EAD679E9', '2', '四川西南航空职业学院', '教务处', '四川西南航空职业学院', '123', '123@qq.com');
INSERT INTO `t_sch` VALUES ('F391E86999754F3AA2CE63ABD63EAB18', '13903', '670B14728AD9902AECBA32E22FA4F6BD', '6700F258E3144DB0AF992442EAD679E9', '2', '四川大学锦城学院', '教务处', '四川大学锦城学院', '123', '123@qq.com');
INSERT INTO `t_sch` VALUES ('F3BE67B82F5C4794B41CEE5B498D319E', '10614', '670B14728AD9902AECBA32E22FA4F6BD', '6700F258E3144DB0AF992442EAD679E9', '1', '电子科技大学', '教务处', '电子科技大学', '123', '123@qq.com');
INSERT INTO `t_sch` VALUES ('F3CDEF63DD094DC39A7307032D6C987D', '10649', '670B14728AD9902AECBA32E22FA4F6BD', '6700F258E3144DB0AF992442EAD679E9', '2', '乐山师范学院', '教务处', '乐山师范学院', '123', '123@qq.com');
INSERT INTO `t_sch` VALUES ('F4EB4A69DC6B4F9E8B84D4AD1AA6AC79', '12970', '670B14728AD9902AECBA32E22FA4F6BD', '6700F258E3144DB0AF992442EAD679E9', '2', '四川职业技术学院', '教务处', '四川职业技术学院', '123', '123@qq.com');
INSERT INTO `t_sch` VALUES ('F6D2DA7939C74B5FB1A730FDE02D5FA5', '14514', '670B14728AD9902AECBA32E22FA4F6BD', '6700F258E3144DB0AF992442EAD679E9', '2', '成都工业职业技术学院', '教务处', '成都工业职业技术学院', '123', '123@qq.com');
INSERT INTO `t_sch` VALUES ('F7E5502020CD45489FA6AE209AD1C375', '14548', '670B14728AD9902AECBA32E22FA4F6BD', '6700F258E3144DB0AF992442EAD679E9', '2', '四川应用技术职业学院', '教务处', '四川应用技术职业学院', '123', '123@qq.com');
INSERT INTO `t_sch` VALUES ('F8B88B56AB78422584E88152A7438F95', '10632', '670B14728AD9902AECBA32E22FA4F6BD', '6700F258E3144DB0AF992442EAD679E9', '2', '西南医科大学', '教务处', '西南医科大学', '123', '123@qq.com');
INSERT INTO `t_sch` VALUES ('F9FC0167CA934DEBB767675230B645C7', '14496', '670B14728AD9902AECBA32E22FA4F6BD', '6700F258E3144DB0AF992442EAD679E9', '2', '川南幼儿师范高等专科学校', '教务处', '川南幼儿师范高等专科学校', '123', '123@qq.com');
INSERT INTO `t_sch` VALUES ('FB62962D8E8141B7A166D5B6F2D8430C', '14486', '670B14728AD9902AECBA32E22FA4F6BD', '6700F258E3144DB0AF992442EAD679E9', '2', '四川文轩职业学院', '教务处', '四川文轩职业学院', '123', '123@qq.com');
INSERT INTO `t_sch` VALUES ('FB95AC6FE01740A3BA19B22F71345DBE', '13814', '670B14728AD9902AECBA32E22FA4F6BD', '6700F258E3144DB0AF992442EAD679E9', '2', '广安职业技术学院', '教务处', '广安职业技术学院', '123', '123@qq.com');
INSERT INTO `t_sch` VALUES ('FD328926E4A84F8085A7F852DFE78775', '14070', '670B14728AD9902AECBA32E22FA4F6BD', '6700F258E3144DB0AF992442EAD679E9', '2', '四川科技职业学院', '教务处', '四川科技职业学院', '123', '123@qq.com');
INSERT INTO `t_sch` VALUES ('FDCB793AAD6E4E50B7008D3384F6A0AF', '10639', '670B14728AD9902AECBA32E22FA4F6BD', '6700F258E3144DB0AF992442EAD679E9', '2', '绵阳师范学院', '教务处', '绵阳师范学院', '123', '123@qq.com');

-- ----------------------------
-- Table structure for t_taskofsch
-- ----------------------------
DROP TABLE IF EXISTS `t_taskofsch`;
CREATE TABLE `t_taskofsch` (
  `tid` char(32) COLLATE utf8_bin NOT NULL,
  `fid` char(32) COLLATE utf8_bin DEFAULT NULL,
  `pid` char(32) COLLATE utf8_bin DEFAULT NULL,
  `pname` varchar(30) COLLATE utf8_bin DEFAULT NULL,
  `cid` char(32) COLLATE utf8_bin DEFAULT NULL,
  `cname` varchar(10) COLLATE utf8_bin DEFAULT NULL,
  `tdepartment` varchar(20) COLLATE utf8_bin DEFAULT NULL,
  `tpstate` int(3) DEFAULT NULL,
  `tstate` int(3) DEFAULT NULL,
  `eename` varchar(20) COLLATE utf8_bin DEFAULT NULL,
  `purl` char(20) COLLATE utf8_bin DEFAULT NULL,
  `pdate` datetime DEFAULT NULL,
  `backmsg` text COLLATE utf8_bin,
  PRIMARY KEY (`tid`)
) ENGINE=InnoDB DEFAULT CHARSET=utf8 COLLATE=utf8_bin;

-- ----------------------------
-- Records of t_taskofsch
-- ----------------------------
INSERT INTO `t_taskofsch` VALUES ('19FC3AD63E6B46AA8B2BB63EF55C0B10', 'CD0E9E052AA0470BA65E014DC4267DE5', 'D46141DF349E48A8AF99E178069EF5D7', '2018年省级竞赛申报项目及联系人信息', '679B09729A784C2999ADB9D57E57E94E', '张三', '道路桥梁工程系', '2', '4', '刘晋州', '1539708536603', '2018-10-17 00:34:17', 0xE69CAAE5AE8CE695B4E68AA5E98081E695B0E68DAE);
INSERT INTO `t_taskofsch` VALUES ('8F4D8179B15A4D81910021BAF1482AFC', 'CD0E9E052AA0470BA65E014DC4267DE5', '603AAE773E72434D874593FD21C25ABD', '第四届互联网+大赛联系人信息', '679B09729A784C2999ADB9D57E57E94E', '张三', '道路桥梁工程系', '2', '4', '刘晋州', '1539615745830', '2018-10-15 22:46:29', '');
INSERT INTO `t_taskofsch` VALUES ('8FD41F8C6EAD439C98CF9ADC84048551', 'CD0E9E052AA0470BA65E014DC4267DE5', '603AAE773E72434D874593FD21C25ABD', '第四届互联网+大赛联系人信息', 'C64DB0C9274549628964A958934F1AA3', '郑五', '信息工程系', '1', '1', '刘晋州', '1539615745830', '2018-10-15 22:46:29', null);
INSERT INTO `t_taskofsch` VALUES ('CB5660B33D214D71A0C369A07D861A09', 'CD0E9E052AA0470BA65E014DC4267DE5', 'D46141DF349E48A8AF99E178069EF5D7', '2018年省级竞赛申报项目及联系人信息', 'C64DB0C9274549628964A958934F1AA3', '郑五', '信息工程系', '1', '1', '刘晋州', '1539708536603', '2018-10-17 00:34:17', null);
